sample_id,MIMAT0000070,MIMAT0000103,MIMAT0003240,MIMAT0004592,MIMAT0004602,MIMAT0004804,MIMAT0005586,MIMAT0007347,MIMAT0016849,MIMAT0018192,MIMAT0018931,MIMAT0018971,MIMAT0018997,MIMAT0019003,MIMAT0019020,MIMAT0019737,MIMAT0019964,MIMAT0022286,MIMAT0022693,MIMAT0022945,MIMAT0023700,MIMAT0024598,MIMAT0026720,MIMAT0027359,MIMAT0027431,MIMAT0027478,MIMAT0027498,MIMAT0027540,MIMAT0027574,MIMAT0027575,MIMAT0027660,MIMAT0027686,MIMAT0031000,target,split
GSM2278615,1.0307204928406395,1.1523920968935826,-0.3218112123561286,-0.3883054204936569,-0.6325591399429326,-0.0063889660020789,-0.1730278506682551,0.7349235238907513,-0.5382534673779804,-0.8181670707499777,0.4643960794863022,0.063929260949825,-0.1883107968970148,0.1299253902807584,0.2955075623271541,-0.1756664993359681,0.7461028645279889,-0.0318058723292341,-0.2606422246036909,-0.0396906448349066,0.6746276229423026,0.9656942574590262,0.9906717683264225,1.1522851168927668,-0.4384862978652311,0.5583119042344271,0.6825438684714105,-0.2814331637864177,-0.1527312169971156,-0.1366232325506149,0.0918524459250829,-0.5037632415210067,1.0536213711705151,1,train
GSM2278616,1.7732041500164202,0.9533768544352256,-0.1739493681133625,-0.4739141024289258,-0.5585604594412978,0.0326180795619142,0.4361557910368004,0.8426014219003465,-0.515910151469854,-0.0129255131762439,-0.2190912753882328,-0.6501823217969553,-0.3384896266187945,-0.2847243887330175,0.4150294218712702,-1.4571028155500974,0.5256422008510188,-0.4106847915146434,-0.2669084622446241,-1.1507504283597096,1.9989366193631903,0.1385607687677684,-0.2138605481958229,-0.0169695480071322,-0.3940731978235238,2.3274941128420297,0.2704735986546066,-1.4325495076933743,0.1260847931961743,1.9085687597452057,-0.4762516697749734,-0.8106869166252398,0.9036938184031452,1,train
GSM2278617,0.6847403318378723,0.4031918752043046,-0.4965956939172268,-0.6084972606593576,-0.0662347910443324,-1.190761649275845,2.336522595798788,0.1212932289154596,-0.0426761509661964,-1.115327173012237,0.3154707564128958,-0.6352536653375442,-1.09933257241795,-0.8557059245746655,0.3635964781820111,0.1458481279689061,-0.0571225652834932,0.0868104529206292,-0.6492009344941317,-0.7694358315006159,0.1745780271970402,0.3805754560601129,-0.4092115572805674,0.5019136735839712,-0.6054070271670225,0.3790079554053862,0.2125156571023563,-0.9123927666728048,2.028289238894214,-0.1332619124567216,-1.4098285513612143,-0.1140390634825532,0.0133287813841147,1,train
GSM2278618,-0.7940881620633322,-1.0394557922929968,-0.3256456410011324,-0.3925245509161675,-0.3821812631976495,-0.0858066762573822,0.0569880030417706,1.6844874281438924,-0.2362361326650807,-0.3893782645864114,-0.3853231334576061,3.160955618372067e-05,0.0069463017604875,-0.4091148772864216,-0.7151789688303676,-0.698837355381652,-0.5812392862229018,0.0774946537635723,-0.3853191474925131,-0.4117971890081154,-0.0542041926894064,1.1889183140991086,-0.2428998679749131,1.3777528842552156,-0.3338364246143796,1.1597762877911773,-0.1867102852438142,-1.22310655815449,0.1497688246431948,-0.1289827490988588,-1.642709747691417,0.3219302640123085,0.527364582827905,1,train
GSM2278619,-1.453257107942173,-0.910481172643818,-0.4910618752582511,-0.4243408778657623,-0.4795717950072639,-0.0363039799766874,0.1785050860265225,0.6315500949749183,-0.7281271377395085,0.2272892489728083,-0.8987325370672161,0.078501348592745,-0.0926349379610086,-0.7020575361222844,0.9138950276601266,0.2415833679205995,-0.1661964933087486,0.9153233794398448,-0.7484710447586936,0.1635633996485805,-0.4054384514161518,-0.3364446659605473,-0.6233376146645436,0.8943178740376263,0.1738799022711314,-0.8393019084480193,-0.3484323840185805,-0.809019626744081,0.2940215136369016,0.4866715061023798,-1.2824333004534707,-1.0358714244689644,0.367640690704765,1,train
GSM2278621,-1.7336316360170947,-0.9404726229261776,0.0357498511378512,-0.1131470304855195,-0.573679301580953,-0.8085968696214353,0.5416208382795851,-0.2304332048162337,-0.3542720700082519,-0.6874088943141664,-0.171829523539865,0.2339763568169233,0.1831736585197942,-0.4193281623828987,0.9334038430985144,-0.412801752857646,0.2116494256205502,0.0724920259996176,-0.5033913500692023,-1.1420717415709083,0.5504955910619981,-0.0116814220450068,0.8262588799789534,0.1746204080797812,-0.5945918650912263,-0.4420843257484277,0.5187318755169512,-0.489447510549004,0.7713335722622129,1.2114039452337542,-1.561224118415151,0.6545991423192948,-0.1565517015611301,1,train
GSM2278622,0.7515146762166969,-0.3749998374630344,-0.2904996760044424,-0.543069455400664,-0.5570688789344623,-0.1560332741699442,1.0801043631984606,0.3881873599562135,0.3750174428467161,0.4043464204663267,0.0174152973873472,-0.1178118014204482,-0.1150472794213133,-0.5245473308212221,-0.2700706772050675,0.1730278673762485,0.3240897849231244,-0.0971184812575337,-0.6632022347209945,0.0938930220128559,0.613103728967678,-0.0619190787437172,-0.6554242825827881,0.4265591082960846,-0.4582318084161831,-0.2334258664941496,-0.7343782540808116,-0.291833216715754,1.234391078805721,-0.9544134536390642,0.4133185565069635,0.6873338546128227,0.0606982461993724,1,train
GSM2278624,-0.052903249267536,-0.7018532563665442,-0.4602170752423722,-0.3686922014705032,-0.7470131206119491,-0.1016298562199059,0.6030123030828,0.2406301838495596,0.4181791644454126,0.126331346636636,-0.3578494602684892,0.1867779853118776,-0.3170077569296566,-0.207611972325083,0.3940549725816857,-0.4445051636903064,0.8601680696732483,2.114587121943422,-0.2007471910466311,-0.3351114359618632,-0.019224153452055,0.7241801046418918,-0.2958989170803868,-0.0583582337532785,-0.8897292463275593,0.1020282780874589,-1.7475249518235254,0.1232369024238732,-0.714680981810439,-0.319458730974676,-1.793360364968333,-0.3762166179800874,-0.1084669220648745,1,train
GSM2278625,-0.0963371238279153,-0.0757195491338346,-0.6344680427337707,-0.7638463934880934,-0.4333648680288775,-0.3374701075208591,1.9270043601382167,0.6899363912213856,-0.0156313880495107,0.2567948631713468,-1.0264480363741686,-0.2339630302356329,0.0829687811369188,-0.6532099307445083,0.207197780618235,-1.0921993884702976,0.6332410611219466,-0.4281522581000395,-0.4391380178831347,-0.5442801629603617,0.6844097872684386,-0.3554191898335438,0.1412192112857454,0.0632135198086091,-0.5557101863987401,-0.139670701606434,-0.3961338114610054,0.5245244690711699,1.0252605748882857,-0.1061037910474479,-0.7579325490333705,-0.6241364528798602,1.5732145133117388,1,train
GSM2278626,-1.3673319449243138,-0.7683506831971257,0.0746075729492655,-0.3833257691466531,-0.674524768125989,-0.8583747941659947,0.7465255372865054,0.2669369043012518,-0.5319222497739269,-0.8917083482333835,-0.0538807789773093,0.3873115133279466,-0.6794152444642727,-0.7643844873478093,1.2092867173082276,-1.5769173711478917,0.737375566529892,-0.6698112617077652,-0.6011737364401211,-0.8708962063091283,0.6404891310949209,0.8186971801397056,-0.1406000287412115,0.9690781954936404,0.1066836838459006,1.2003248900314378,0.6110698464277157,-0.0196108570845094,-0.3084637326179352,0.8945175726631406,-0.0296085147446351,-0.30402141453503,0.1087470961168662,1,train
GSM2278628,-1.129683505108268,-0.8112758050235187,0.5809558247499667,-0.4685796152036899,-0.4896301562347561,0.2808993118186307,-0.1493237564344622,0.1600142399942945,-0.6497460667916597,-0.4420620644746362,-0.3038040882151674,-0.995722043079757,-0.4966525170672308,-0.2845513816373876,-0.5066270164669993,-0.6225714147265222,0.2519101078978588,-0.1053687283256574,-0.7416171168800633,0.1618944803565458,0.0552421126979651,0.8459413282828391,-0.2343636648322362,0.9222902226333656,0.2589088409196091,-1.5923121545768004,1.2866981535977355,-1.1353941417867983,-0.3786979679296889,1.5236607943102862,0.1454144566444447,-0.8679087109614136,0.4349134849873263,1,train
GSM2278629,0.2493617618899662,-0.8143724860678523,-1.1791994529321868,0.0452186403441998,-0.2846292475083808,-0.4239023616981682,1.102058414337712,0.3201612325510697,-0.3977936844096884,-0.3049069381156142,-0.6218442187854417,0.1647511475274965,-0.8994430639280102,-0.3160261952537494,1.7750428226240096,-0.929125890739743,0.7753752574200737,-0.4643627034085898,0.6019015200944118,0.2727521144776896,0.750231525257333,0.1592205254781985,0.1646484642559914,0.9395381164452538,-0.4153515143218733,0.4310140143362932,-0.7238870474008642,-0.2783862376087814,0.992728334025204,-0.0511989593923256,0.8858714126855879,-0.4046283722985003,0.5620142811851058,1,train
GSM2278632,0.1048675041251723,-0.5222586216363959,-0.8184601387581881,-0.1713150669813964,-0.3403185331995741,-0.8870111743001193,0.5966923148627711,1.5051518825139938,-0.3847111844513811,0.6604947002644447,-0.5857667693453107,-0.0668430526647624,-0.613377250283965,-0.0155658828588769,0.5947973861406611,-0.4139745522053784,0.0082830605954755,0.9348836830437202,-0.6323873739058736,-0.7653361272229043,0.8919884311525379,1.2747102102720027,-0.1827765843772782,1.2490085474330117,-0.8645916931663178,1.5429806107770765,-1.8175900152859708,-0.2079619368588018,-0.6226534047434272,0.7421570634307803,-0.3208526203103566,-0.2370479404148174,-0.6059526341976421,1,train
GSM2278633,-0.4024632571254389,-0.7658074378963049,-1.0852600336838845,-0.4486243777112324,-0.4123936010180968,0.8251939867200805,0.4960228120147288,0.0721535674590473,-1.0968299581086147,-0.4019177320894041,-0.9908500240358724,-0.6423590628977709,0.1518996554561433,-0.2064416090832667,0.8912639409222249,-0.0405546014068555,-0.180793424853446,1.1491352048911054,-0.2788110111434339,0.0327989716241265,0.9383856665514284,0.2800361812703994,-0.6683002466364656,0.1711049476357258,0.1279831657938923,0.2179777126021411,0.0072392988306266,-1.3642566549676272,0.4026247795453052,0.760317438464692,-0.557247220752343,-1.4216058706857688,0.9569325574485948,1,train
GSM2278634,0.3313329887074527,0.4354463949128157,-0.856537333316647,-0.4982692451690342,-0.4270121958681455,-0.2585705282147403,-0.4397636538693502,-0.5812542671085811,-0.6850025790176734,-0.6282753487559931,-0.497770511854546,-0.5754245057628761,-0.1961732430070107,-0.7300056259545963,1.0284883334833932,-1.0025960041649289,0.1920942631049448,-0.4000331052080901,-0.4493605909722316,-0.1818775863912762,0.6958129227543343,0.3166566290247881,-0.1592096590831115,0.3547771530814143,-0.2266660410482442,-0.2396463513105062,0.3596240927190932,0.2749961377710987,0.0334265884994759,0.7271669129131025,-1.776544786205654,-0.337639327733428,0.4063936911950557,1,train
GSM2278636,-1.3823094671757692,-1.282641932320066,-0.8011196111099596,-0.0840165676970637,-0.4646154868096926,-1.517249056683645,-0.920137246943286,0.2321252498655777,-0.5752845831025751,-0.2012969274309999,0.4457100767250711,-0.2835241484896881,-0.2296157395919768,-0.1836722334766766,2.168138967974102,0.628391698168855,0.9294921733395296,-0.5091693877087832,-0.3478746900284133,-1.121865458998236,-0.5009194053199469,-0.9297350252658544,0.6351332209463524,-0.5142816659493222,0.107024230029491,1.146490468212702,0.0116273981221918,-0.9200729962092206,0.9853891580306008,0.0720216025795557,-0.8672514178163454,-0.2178723377333585,-0.6577505151631315,1,train
GSM2278637,0.299301618277181,-0.2832705575316513,-0.2166436737141013,-0.5826617791702501,-0.5482501870829227,-0.1884310290537252,-0.8234133798437436,0.2102258199165273,-0.013211129810268,-0.2026490788574819,-0.0101012445360784,-0.433619489629895,-0.2572018603716417,-0.6593511278372142,0.6593655244708764,-0.5706040070507227,-0.3438024275746838,-0.3188625337909309,-0.1853839571039714,-0.0556588448346835,0.4485640266855831,-1.088191566245471,-0.1582400481964719,-0.7944155565736959,-0.1525196408085391,0.994991097979281,0.0689003227436858,-1.2167975859960942,-0.2081267432890466,1.286747031861904,-0.5037874436192662,-0.4942300356556782,-0.3350508498480963,1,train
GSM2278638,0.1043997324108782,-1.273934343317818,-0.5913567087724381,-0.3937207540570064,-0.6076615849326721,-0.2384552942675162,1.552672649481497,0.3464879560813769,-0.5219697589121599,-0.6302758152066666,-0.5665189438380374,-0.2029343495517544,-0.6890886368386918,-0.6047699415363867,0.94662049546277,-0.7211880537510824,-0.0798619374868502,-0.9230295556122244,-0.3705597541827988,0.2999267702834235,1.687991487072506,1.3856263198704692,0.2708039742467904,1.5391261878821023,1.1808319866375157,0.8139512707041644,-0.6402513456618543,-0.0344278248729845,1.278538848487364,0.29585053190884,-0.8927531003755976,-0.6835017673396772,-0.0517083887529811,1,train
GSM2278639,0.7061616963409493,-0.3091476091539125,-0.5161961998479987,-0.6165507512976984,-0.333362678783221,0.1472285047801618,-0.3115446828252794,0.906643522220984,-0.6563370408462212,-0.9102623110345156,-0.3443509638118511,-0.6231718693448318,0.3940411407456566,0.376146538234904,-0.2775317360265197,-0.3942396006603805,1.6295319008379858,0.3570158073584047,-1.0036242411540826,1.147692425515047,0.6102736518982868,0.6430421198649536,-0.3907084455599502,1.0918449531763696,-0.8177827729223797,0.6293363106048441,0.9714217067879864,-0.9010892913629583,0.6445927222505544,0.7778847573317432,-0.2093859765614468,0.5151505004030025,0.5224457419179255,1,train
GSM2278640,-0.1775307727982059,-1.1837290592476784,-0.447823833728789,-0.3270106229069467,-0.3935724161644813,-1.1374576090169872,0.6540519575041404,0.5467739988689826,-0.1217539558169864,0.3554645556680151,-0.6654255556484991,-0.5660685623768564,-1.4920393553959743,0.0437963234088687,-0.5244490955383965,-1.1455174667382386,0.2246707773090904,0.4794811278562278,-1.0214391722850835,-0.7518500053472367,2.547683953984106,0.1690774481264949,-0.8721298685707715,0.4658411315657848,0.1413421663277563,0.5436621153593736,-0.4286378964979966,0.2432257961544172,-0.0755792603483034,0.2115151121613001,-0.5341449176720168,0.0991034530120007,0.3369942654614438,1,train
GSM2278641,-0.2303719149873569,0.1360651479333444,-0.0798530994294499,-0.4136317510365635,-0.2380189624142649,-0.0498345175048828,2.8525415066474693,0.4397985174443225,-0.3133269883515677,0.0089228962045614,-0.5640507840330475,-0.6863633670273391,0.1866853396401265,-0.6269730387752407,0.3230337933290068,0.5166083113431611,-0.2251217565321995,0.4366597851767541,-0.1856575358408634,0.4774498075260771,1.1934707275675598,1.3753403887066,-0.3344152392842497,1.623035137647031,0.0889332151037462,0.8435046542849556,-1.1757228653471952,1.084590467109989,0.732940814868736,0.5563375122977394,-0.7741196508792585,-0.5242190701723064,-0.4921726928719845,1,train
GSM2278642,0.3042922793049374,0.4926139733737269,-0.7733358444585647,-0.0619570242671342,-0.5333751628045154,0.0323742172739183,-0.398240687234577,0.2455440419318103,-0.2387195714491554,-0.5675859175073686,-0.3738799688751978,0.1304719182706676,-1.4307098458386605,-0.4181535781556769,1.4022279302666951,0.1925343020955683,0.5508075005591099,1.028306974893895,-0.8590956319228192,0.085166480900665,0.3903041822319117,-0.6140485627463635,-0.324222246078365,-0.8439175767636286,-0.2286647650632026,-0.1061127444261978,-1.54770284471449,0.505538401987733,-0.0161914604793168,-0.2008881207741912,0.479038872396737,0.1985675191888631,-0.7419733158159257,1,train
GSM2278645,0.1436372226991888,0.5189568904511849,-0.3964876327003003,-0.5786159785526843,-0.4188071530002799,-0.6198247030973393,-0.4198879654009039,-0.0026722899367323,0.1518895589543464,-0.0292741596244051,-0.4714672275936209,-0.2256725616458136,-0.4901526093320209,-0.0884354808903445,0.1423935521712153,-0.2533929206512936,-0.4815237241925784,1.2460741939265612,-0.354357556977077,-0.9628387894483256,0.2591236637290877,0.5153900185571685,-0.5910743879980371,0.3343374265057696,0.0025111853084151,0.2563234756876339,-1.3335097162901517,-0.8728789784550743,0.4204645443461933,0.2319360306708992,-1.292899183569269,-0.9317578764596122,-0.1201549358111516,1,train
GSM2278646,-0.3843277898456393,0.59249067541206,-0.2720851723362359,-0.5182755226395837,-0.4993759731591938,-0.4693087913727748,0.6697454485945906,0.4804092916217274,-1.0644980989225634,-1.2491280358719032,-1.023115778400958,-0.1778549345507611,-1.0455003629549018,-0.6764748940849284,1.543515368302402,-0.5698724820046261,0.2966532507269833,0.4793030063422053,-0.5428069894026744,-0.4806507460405835,-0.3083683817125817,-0.223043568386142,-0.5847083881405981,0.1346174574484293,-0.6781454627197081,0.520235431540976,-0.5751995461623004,-0.7083752747168947,-0.2485087137265816,1.2441014983650438,-0.0599432834944829,-0.0912630418605646,-0.03110566010362,1,train
GSM2278647,-0.5811224715201778,-1.2399162729325617,-0.4301078586745206,-0.6807760658240637,-0.330705660236834,-1.2606654842359235,-0.1697621743335647,0.7766495168084624,-0.2920205889791561,-0.7840991838790102,-0.0120162974202955,-0.7528863357868004,-0.5599221943762959,-0.8172615780950283,0.7963194843665239,-0.6567553181836862,0.0883657740145429,0.1553765429613939,-0.3525399357533138,-0.3399676927750326,1.1969339101947598,0.8136845806423962,-0.5852131444616764,1.3813654939637658,-0.4505101272295729,1.0883941766845808,-1.392102898985462,0.0714326450775263,0.4646636352265201,0.4610470668887812,-0.4374620204055006,-0.7933458199154562,-0.3459758300031621,1,train
GSM2278649,-0.6213333346352903,-0.9378647156820704,0.3081286767493211,-0.465496155428917,-0.0262964345919135,-0.5492809553156013,-0.0241409188002558,0.4500937349102754,-0.149896154362698,-1.1013128717226937,0.3545941271494855,-0.1790053892691808,0.1645667904913514,-0.8860459019270487,1.0536450091141705,-0.7110771787125436,-0.0420394843838613,-0.1477391212457377,-0.2568957995006715,-0.5713435183051814,-0.4278003321105448,0.1463486258063832,-0.6617891886171179,0.3626390033313483,-0.4974004081501461,-0.3804366512115743,-0.0034457770148516,0.2709097309791277,0.3261569066794159,0.6585701972286085,0.0281539560561226,-0.5040181657165609,0.3172995833181675,1,train
GSM2278650,-2.626403629417005,-1.2575106558378526,-0.606787659529705,-0.7012287885696247,-0.2254946968874419,0.6026691774151075,1.7545041763018954,0.2349696417859351,-0.7977134208164267,0.8349590147161609,-0.9923540249694476,-0.1556015508607804,0.4983037573748117,-0.4150031112429496,1.3669526429951406,-0.4561299870923141,0.1522040906621754,-0.5433006964124631,0.2057152871026992,-0.4956006184334764,0.8963381878217298,0.4452453378807639,-0.4954721517318169,0.7378740660118955,-0.0651998409128904,0.5807897982732209,0.5927106611017725,0.0342036893464426,0.6285236782392457,0.0421950041423008,-1.1809239682775232,0.2786860305367344,0.701040814731804,1,train
GSM2278651,0.2143546962884887,-0.1628567084117808,-0.8085498504401629,-0.1399870949662433,-0.5244227985825877,0.2457644762980884,0.2134608229004791,1.2983203402153602,-1.638065348322794,0.2933199467995485,-0.3086662421741967,-0.7034897067190666,-0.3996035885702544,-0.6098207412473305,0.8767505547598402,-0.0064686165763691,-0.2817441242520691,0.7922912688774615,-0.5094497689531574,-0.4083839288965552,1.4715227294503563,0.3103485436901095,0.8249932658732907,0.1513874577191056,-0.0740589636220787,0.5437705891455353,-1.467488132854922,0.054638104479246,2.5903514888397,-0.2573846871999343,0.0559842073060787,-0.6491219478875331,0.1731091491931659,1,train
GSM2278652,-1.4214495144796164,-1.5726246514921058,-0.259852157391627,-0.4870886643781934,-0.6179102166070533,0.0407022890329798,0.832488305727516,0.5181707361082619,-0.7625846399926424,-0.4081159068834893,-0.6391145364081748,-0.3414775870170806,-1.2231532201027602,-0.085886858601221,1.0596458150132806,-0.8715669186717808,-0.0672153945211136,2.015650601711358,0.8153984499563035,-1.040010857072578,1.3615267604517116,1.1095612235676346,0.2955969663708152,0.9429307551861792,0.5778190451975145,0.1068777652989942,0.2746770281607928,0.517370114242069,0.6749549829648902,0.0210547979542425,0.2212819913863863,-0.3714959160563468,0.6285433662912273,1,train
GSM2278653,-0.8168486448344686,-0.668554942298989,-0.3854003277066967,-0.7168792196359624,-0.3875252681778935,-0.0903665067765273,0.6833039141093877,0.986469745168158,-0.2303610383176633,0.6102678031928139,0.077103380184366,0.2136961899813253,0.405686257927134,-0.1625004566573836,0.7801259858947228,0.2147868016276256,0.7532479784143441,0.6875871407788638,-0.3150578931590657,-0.7960362316467565,0.309527881979392,1.024216541793166,-0.7726291505263057,1.180848171815085,-0.412210582819681,-0.2993185550791085,-0.0293639627918443,0.2205099017440523,1.097697292403129,-0.0153906986457652,0.8153738801096626,-0.0998165990894445,1.3470862078192454,1,train
GSM2278654,-0.2821298654993853,1.102611089936409,-0.027169131767621,-0.484417030991543,-0.3960274996281668,-0.1058958966792211,0.9706541236866104,1.58859129803432,-0.3013090771224909,-0.2019788719362822,1.363652577854189,-1.2221409732687345,0.2549392308613095,-0.3997509374980274,1.122881371529021,1.0628795744769843,-0.2601090402118309,0.5582097820903366,-0.7344547139636811,-0.2505245613337417,0.2726461781426404,0.6127151497933263,-0.3827574048648925,0.9815942075184546,-0.7603234669163752,0.1949140610275903,0.1917510413778989,0.0184211993231997,0.1065093012022966,1.0437343412332794,-0.1621847846775029,-0.8281038446335901,0.4966301031211597,1,train
GSM2278655,0.0442160694263682,-0.0877051252554692,-0.4089786936435561,-0.5875426994490671,-0.2274081385331567,0.5103474435566366,1.4929791280889937,0.7278708688081296,-0.3870676043957601,-0.6818653052778684,-0.7253436594237792,-0.5498100536223653,-0.8868306148097395,-0.4265238286825105,0.8156781152484439,-0.4834349881860438,0.7560258044563116,-0.1617028966620164,-0.1830733892362036,0.5288825297277481,0.4904587242711856,2.026992547565422,0.065463152130753,2.2064071497091797,-0.6306658020925441,0.5091159293809459,-0.7012151422522807,-0.9163171464018158,0.8541360015724011,0.5350400325388274,0.1605573827874508,-0.7122797957558357,-0.9819435437438054,1,train
GSM2278656,0.2032296994275013,-1.2615276857131414,-0.3582643596668267,-0.2969292324596677,-0.3995463814347056,-1.0206517479308148,-0.2439450962921298,0.4408686492318105,-0.4635552850312091,0.7528930423361099,-0.3655945907003933,-0.5310667771142716,0.1101540050282846,-0.8198947856210532,1.4530177247692064,-0.2112576384174818,0.6096291408697302,-0.0762971425283322,-0.5655422267880329,-0.2684082795637833,0.4162240052278224,0.7299639004286107,-0.7486493627122511,0.5926731975327779,0.2496647604398672,0.0388345667361998,-0.5303571970176377,-0.9699704200446078,-0.506705803747893,-0.2341343066756382,0.4299523252022864,-0.2549709901214048,0.309122352871811,1,train
GSM2278657,0.3640957192805772,0.7998592821665458,-0.1864631310739038,-0.372315740560373,-0.0859266211706065,0.3800434155392117,1.3668510507306475,0.1481476854665184,0.3934348619679904,0.1115609209137139,0.7256673751964329,-0.4302040550018848,0.3835939525835624,0.1005604619592821,0.5515741047407032,0.4794103715809467,-0.1313675625359959,0.2197866795031984,-0.2925768241742468,-0.3819481969755396,1.9412766518803604,1.0660402983518116,-0.7668335515685031,1.002907415620565,-0.1133562154586024,0.6785438477188941,0.1216248772287259,-0.0774139376296679,-0.0926985877076252,0.3633466547903842,-1.3090676391959393,-0.6261207166945416,-0.0699968005039171,1,train
GSM2278658,-0.0630635403546786,0.5403256095946605,-0.4987481911216377,-0.6320003542010353,-0.5338641471648844,0.0169169492128561,1.6302265010110926,0.5620109529559835,-0.9759145697694134,-0.8826625567110852,-0.7894584024154973,-0.8303395520115913,-0.3321029438377672,-0.1448010442318589,1.500766265979709,-0.559454603625065,0.2916931754622197,-0.2629657297773253,-1.0054166314290944,-1.5088843565806611,-0.2415029351158734,-0.1948955740813096,0.0774434117856238,0.1122397275194358,-0.7991434292608994,0.2311692218794264,-0.8839300601880867,-0.2823439427131612,0.7385524994746829,0.785035647820779,-0.1078714390350239,-0.5717243295085671,-0.643059228835741,1,train
GSM2278660,0.2316254822705617,0.0444508521444479,-0.2419049804227656,-0.0868630379453864,-0.1242085120727861,-1.1343708775976968,1.4550075546478096,-0.4579434012763582,-0.192762844620231,-0.4443178651320574,-1.0125754572017578,-0.4843952730605402,-0.4547864343222587,-0.5143088236185481,0.6475829239299447,-1.1629987662240069,0.1685477655421508,0.0398374008043616,0.1604450934083444,-0.4947872782133558,0.9972967548461736,0.1104563581501335,-0.3029244821448745,-0.1379150880586254,-0.4635358720264526,0.46877187114734,-1.2593457770073526,0.3717049853050167,1.1484918704899278,0.1357209305068543,-0.3771023081322752,-1.0467823714341629,0.4761145678391427,1,train
GSM2278661,-0.4027707111777966,-1.163711050091022,-0.4202743398345904,-0.1940434191072697,-0.4927513528589962,-0.308865820765127,-1.4886534356011678,0.8079520873055497,-0.7760956803381487,0.3428412037422501,-0.2539754861579998,-0.6487452197581781,-1.051601545744891,-0.3843046447165251,0.6266557612295722,-0.3872243582805752,-0.0512754305913679,0.0670550354169486,-0.4647690223807936,-0.3129089609359327,0.3131850448977018,0.9319180379401256,0.834283399254193,1.485323206901558,-0.6238163953464797,0.2913948361397636,-1.2042501835234196,-0.8807619864072056,2.0611346917619597,0.6269859056954405,-0.5983747933554036,-0.5656405448102347,0.6956894947197815,1,train
GSM2278662,0.0487260241469236,0.4301187314066402,-0.3833404382280234,-0.4899977500342626,-0.4438154982512725,0.1320850718126124,-0.5182039790365036,0.4836462555949017,-0.6537646109188021,-0.4748668305298692,-0.1868691109676543,-0.9223703136311154,0.0236499331813384,0.273546497551754,1.759819687473695,0.2679380244341137,0.266035839581572,1.0126431076492324,-0.5034389190800456,-0.6902956487810856,0.8980961684675539,0.475035686871313,-0.7598701900973748,0.0485173715026791,-0.1390279940235995,2.6875792785812624,-1.0551582624111218,-1.3405715079760083,0.398447231229329,0.7110856515681206,-1.086179378817964,-0.5088552784834243,-0.4362603135538933,1,train
GSM2278663,-0.6567636846971673,-1.1661971902817243,-0.573402575988004,-0.7938616333998649,-0.2292710942446059,-1.625889009385474,1.1878345538725232,0.823122048900571,-0.0568231645403073,-0.056677699665166,-0.3836387524438575,0.1439131494124462,-0.6239258789359791,-0.232129803811437,0.5970636873001635,-0.2749689290181622,0.3734486481008028,0.0247562973544375,-0.0483009363982234,-0.2378421056490652,2.212052557397143,0.3689999594217883,-1.0827825818223982,0.9615540178410084,-1.0765781187819907,-0.2973283773882662,-0.5302505766217434,-0.1306022687136542,1.1116163548924185,-0.2685749550801657,0.0261403508847126,-1.496375720859605,0.2864782452242416,1,train
GSM2278664,-0.9164498895265925,-1.566087930417806,-0.2671314969445761,-0.6913882805648406,-0.6779581758603971,0.1792230085561288,0.4214999581833565,0.9263791711859845,-0.0189707626357002,-0.934388210328856,-1.1024519439422171,-0.5604836173571873,-0.9497060854641324,0.0844854471595842,0.4034985325370122,-0.4164864334315037,-0.0100931409008065,0.3396411090329957,-0.7597972136734897,-0.7851144927211489,1.1598897436714797,1.3091532190999229,-0.9478555057705303,0.3960881458421428,-0.7541925904440577,-0.1192591847621465,-0.931205481558274,0.7603670301719792,-0.0380895704432231,1.5596112681688816,-0.6896464878135047,-0.3589914317704052,0.4567547436949684,1,train
GSM2278666,-0.1197069484009336,-0.5618656516431862,-0.0150930265645772,-0.7287761151156534,-0.2725761441284851,0.2609141739310132,0.7685735269999334,-0.9427961191183972,-0.2323153699826504,-0.7755198494261784,0.2334101526280165,-0.2254549243141188,-0.2222386507673959,-0.3177875188965907,-1.1841803389723613,0.125888272314688,-0.3436552896580215,0.2735117702802246,-0.6511602076244521,0.3514196150645647,-0.0219908610629925,-0.9661345023764316,-0.4101820341105022,-1.4978588914318565,-0.4396551989351994,0.5548329962489607,-1.1712678080101406,-0.1908591108961961,-0.7704529138474057,-1.011446727562172,-0.3429989578419645,-0.9563509323049266,0.7519276777200681,1,train
GSM2278667,-1.944651541719832,-1.1325460798136011,0.2704622895163101,-0.6234100908603128,-0.5280564761564621,-0.6230689467801037,1.7336995800367792,-0.3088591691257432,-0.4872751418323379,-1.1557680068811949,-0.6954208393335779,-0.0451590433267227,-0.985540211795316,-0.2289031164793415,0.1435892556762898,0.1383307855515601,0.2740075280922111,0.0901171724041721,-0.9078782989315188,-1.155686792558228,-0.0984540680538156,-0.0662121608915201,-1.0034543495915118,0.226320270095115,-0.0838201367952545,-0.5783648256023083,0.4472209954635746,-1.7170560103284302,-0.6626224031961542,-0.2632431747007447,-1.526058685932499,-0.2465835352743086,-0.3470209503941311,1,train
GSM2278668,-0.096044271915869,0.1400526023945499,-0.7767382222126974,-0.8092133450278093,-0.5196882408939049,-1.4595594876618665,-0.5875644647264451,-0.2019063560406648,-0.2633938702402035,-0.714251600072669,-0.3615521191794003,-0.2659081066521637,-0.1836620822818054,-0.2799006468948947,-0.6822311002324216,-0.591997963529688,0.0504137937053893,0.3754172903626854,-0.5434518990722912,0.0347706672438584,-0.0358299165684121,-0.2180746446024034,0.1857457547206862,0.2769354152724579,0.1469426443180047,0.3586054928229588,0.95549612632748,0.6601435776830069,1.913585335785566,-0.3686640112984961,1.3688726708875485,-0.53644646679206,0.121273649954769,1,train
GSM2278669,0.4315205070512574,-0.0067926189257664,-0.2819916137692632,-0.7176766640215838,-0.8050300348333965,0.5717996336268555,-0.5094540627167174,-0.1719575405990814,-0.7235356892734937,0.2477805522459361,-0.1469254718097407,-0.247057036722468,0.5558988409827992,-0.3310111184791998,0.2579564745444023,0.7090628561816793,0.3136034247016558,-0.8998727038250917,-0.3661047933229998,-0.4362516230797035,-0.9159693943905592,-0.1245969609015811,-0.2215111192274932,-0.8883078147259226,-0.733177646555216,-0.03616177286976,-0.6169336608291474,0.1068353815999975,0.4880758508433046,0.5221700897788017,0.5360911439546747,-0.2927560406747192,2.192362792010825,1,train
GSM2278670,0.4642777662928151,1.6115727888096003,-0.4652662911334836,-0.3544591989610096,-0.6267691952287887,0.050962770751115,0.0395019344738453,1.8647572340084333,-0.661711276814394,-0.7015854886914717,-0.7682075057281355,-0.3628733292940549,-0.7249660134313348,0.2674653397329752,-0.6449408921032669,-0.064650579581792,-0.1108706067726459,-0.0371782055123455,-0.6271520192287041,-0.5549790515555764,-0.4293415731270928,1.2812059925838946,-0.0158032561582635,0.3950895243153722,-0.2692439247159482,0.7140174452323165,-0.3044399500637942,-1.5927412938332488,-0.3000943633347899,-0.1156958224669341,-0.7874855177291735,-0.5397891389122538,0.7427858915836996,1,train
GSM2278672,-2.3709373000636638,-1.5978663166453635,-0.7798429726320691,-0.7908540988916909,-0.5424009751432018,-0.3350649048773105,0.7333882259415526,0.4068506409480042,0.1285897384821189,-1.0795315342509362,-0.1783075092861306,-0.4990169257371631,-0.2702504360655591,0.0059722555738346,1.6174002316853655,-0.139407930902998,-0.3520305571103047,1.0552149099624732,-0.6826720338939387,-0.0276623802544231,0.7338229061133236,-0.6750569823184717,-0.9144026857044708,0.6682079683850328,-0.423527462368258,0.6311339112855558,0.3554969416166922,-0.0942481912693727,-0.6396610904376415,-0.1899443925222281,-1.0947807762228503,0.18848402456375,0.1003709465646634,1,train
GSM2278673,-0.1583750982907369,-0.3427766776262743,-0.3098042526891296,-0.827679297407218,-0.4220164553434959,0.1218863766598746,0.619316652298398,-0.8896869873519656,0.1777045465293588,0.9170476027106969,-0.7530197005890549,-0.5599423561542637,-0.1896094545930373,-0.6104575419145577,1.1605472832656694,-0.4228350370543134,0.6302134729241256,0.8661450488805155,0.3665043730745885,-0.5367577078194654,0.1160638073450231,1.69571618357053,-0.0484216132596594,2.3698175879178285,0.0831791038952594,-1.4778472165456895,0.7108512550920525,-0.1668723865364042,0.413898983076527,0.5271157631183813,-0.4142994178243857,0.0696069596187052,-0.6900053161571795,1,train
GSM2278674,-0.5993367797504741,-0.8570198979724719,-0.2061833713002486,0.0908554418739754,-0.3755009116994128,0.6848097543406177,0.2874808310352563,0.5819856876341006,-0.7756238055923002,-0.0106168922770358,1.8758436284512352,-0.5535778302534592,-0.7978626104280062,0.286591380696562,2.2397954396611723,-0.5427011088880397,0.5473967411816076,2.032463179650876,-0.7145921951604549,0.4084798843936124,1.0305144974145002,0.4371051210872671,0.187462684798934,0.3471753394999002,0.5993257710343024,0.7705272718254957,-0.7752378479462884,-0.7457173906032051,0.0743981766956112,-0.4814350643425916,-1.518162686861439,0.0434958446355663,0.032570392997356,1,train
GSM2278675,0.2293152421180151,-1.0329341639349052,-0.5230893416652969,-0.5881707136390042,-0.4206359809615567,-0.7905304276674853,0.5719673544379015,0.2630712338732561,-0.1292838680435598,-1.3259780116022433,0.2073996328297534,-0.3045942825517325,-0.3835603373548412,-0.418489908909837,0.656602345955816,0.008481762367289,0.5803349015134225,0.3481742962683741,-0.2892452352866865,0.0004640583082135,0.1002720990300074,0.085108453167847,-0.1542773954624672,0.6245436667477386,-0.2978306614893829,-0.507515008229562,-0.5831612072631546,-0.920718443985514,0.7880868600637441,-0.748856708586515,-1.145899931051723,-0.9570206385668342,0.4196001562511043,1,train
GSM2278676,-0.1392187010149412,-0.7541745423333721,-0.2982066974406729,-0.5811504983414523,-0.5179233087987791,-0.6505498918410302,1.5076264905108774,0.3804405792026363,-0.0873033071567854,0.0616067428560702,-0.2317395155034161,-0.0138627456625459,-0.4765053865038487,0.0529632922951716,1.6793214762051891,-0.0336532997009771,0.430533918272484,1.348077821638093,-0.2578171583973065,-0.329823466151509,0.4261873817558512,1.1711306143974107,-0.1047509536779434,0.4767006962290265,0.5924383459116281,0.9760543685030074,0.4931184841072173,-0.8374301065095445,0.7028299530531094,0.8160702181496426,0.0158671726096682,0.2454753574524903,-0.3115628700128136,1,train
GSM2278677,-2.2610504453836264,1.1474203032944827,-0.7694583843421369,-0.5803905921224322,-0.4795510569954678,-0.2557545729767779,0.54495717089073,-0.2339433035517938,-1.053473205504782,-0.8443843086883669,0.2461599571696603,-0.2023607258003794,-0.6997575680185034,-0.2010013789304055,0.8641188093623431,-0.3739242426979451,1.358214070804891,0.089660992201245,-0.9257501720261688,-0.3257430815901733,0.7188372516533098,1.4576634522214182,-0.6134673802999014,0.914147681248634,0.1778053141281348,1.0061305117845032,0.6999562804761799,-0.4590961554939556,0.2820535001647128,-0.6479909854155966,0.5089352663953142,-0.5297952206411926,0.0609586834278968,1,train
GSM2278678,-0.8903451441396957,-0.5135901896493176,0.0193650887328405,-0.4650488943551922,-0.2599147127543439,-0.7936101528025441,-0.243137791881788,0.3615883280306358,-0.4310838041900188,0.2329891721184944,-0.2635502745803543,-0.6529333368497178,0.4857920612686794,-0.3184363680994207,2.1318189517518054,-0.9593075398339268,0.9097690308561844,-0.5547536612525269,-0.8476957908275401,-0.4672626832984605,-0.0106834657939186,-1.381752497560948,0.6256983914792468,-0.5446697342640726,-0.52190877197156,-0.1219157352072587,-0.1039746727021184,-0.1164820898830131,0.0240805826570418,0.566439680616297,0.7844323066389306,-0.097455150248458,0.1382847685305342,1,train
GSM2278679,-0.8995684684626719,-1.34696041556586,-0.3180166126190445,-0.2660276398133394,-0.7060733226490189,0.037713825666509,-0.9034963749833932,0.0677417977742307,-0.6138988280430129,-0.3008747873824953,-0.6014907708289902,-0.3408516927487653,0.385716484463496,-0.5242594046274897,0.7671826146599898,-0.0893192083424233,0.2883071131691089,-0.5048675203671906,-0.7844154726736042,-0.5505231842913679,0.4826026504542555,-1.0707120260347955,-1.0642219329806226,-1.253341222661358,-0.3415924307157938,0.8492091871504946,1.0834958464088125,-0.2326304246437708,-0.597471160940092,-0.4204663946327578,-0.9379853810152444,-0.6613772705493002,-0.21335239902386,1,train
GSM2278681,0.1658674747320163,-0.4631674766796845,-0.3482739374333294,-0.1545671341354512,-0.2485475590508944,-0.7952715354250256,0.200994104597543,0.2934792687832602,-0.8132363094131342,-0.534677748925685,-0.4335083264525047,-0.0689755784391107,0.3844153607704769,-0.4499635736438307,-0.980038823956202,-0.1023009820584005,0.6668330446695667,0.9657033706141108,-0.2387359989512567,-0.2358001164930652,-0.0373313293275276,1.320227954264671,-0.6694302444005344,1.1849765606053564,-0.2288728113191922,1.886315464828868,-1.5905531844447751,-1.0515135250177732,-0.0933133631854813,-0.6616682592302525,-0.5841993373400673,-0.2514457330549848,0.0455008895678999,1,train
GSM2278682,-0.4966375403325579,-1.1035239461974635,-0.3020954776192685,-0.2353087460888394,-0.5634733041721041,-0.6775680122383722,0.6407064159821126,-1.4501550610144205,0.2872043156002012,1.162140777368027,-0.3830377553627581,-0.0652180445707345,0.3395154649414871,-0.6148679217683977,0.7749379342712585,0.6519615507410206,0.3817028005461663,0.1403328473692952,-0.1743952841682788,1.259289384086178,0.5788952282554508,-0.7937435743775464,0.7171667992908162,-2.3352555726817164,-0.1771269578906897,0.1291368404300748,0.848332199129071,-0.6117695277109528,0.1350862347463463,0.0949610998751964,-0.3962604873999854,-0.1049873555374024,0.0290851608023954,1,train
GSM2278683,-0.5574846516052351,-0.1493427763382721,0.0215938475757454,0.2129291517627904,-0.321994961103933,0.4225204625701404,3.1377003026004315,-0.0444530455672288,-1.138374808320794,0.0556240465905089,-0.5675887275493385,-0.2431448950540769,-0.4113156263396206,-0.2395294900166818,0.1091230603695204,-0.6468715489098258,0.3493784743947665,-0.0155757899048593,-0.8678542911308683,-1.0736099751603383,0.0387564724661974,-0.2356477112094009,-0.5543601216431218,-0.0943565602318294,0.1105113869956906,-0.2032457856526183,-3.589113745427657,-1.1675748641220456,-0.1756678109135409,0.630911621233888,-1.01776454175371,-0.5810606969776658,-0.5018587666086971,1,train
GSM2278684,-0.258129450229032,-0.3856767665185339,-0.1851526795424455,-0.3254014153829236,-0.0326364252294526,0.0224003084557289,0.4519239777274701,1.742877311368477,-0.1926566342306543,0.0733044356322678,0.1307577120670774,-0.5347367110814325,-0.0246503615976207,-0.8131555089844433,0.9381852917640112,0.9697897711740032,0.5910616704128946,0.2546705064196937,-0.1359843810800991,0.0389663409136676,0.691069905431103,3.2304374046007824,-0.1416087438040175,2.7723314049166112,0.0656035319059534,0.242468890662528,-1.4992390196921552,-0.1439010280891934,0.0611079657549736,2.212549345581189,-0.1235015537111034,0.2639867725980843,0.4438843484780393,1,train
GSM2278686,-0.2161140849805084,-0.6459590338707616,-0.4253418189074498,-0.5655881106946021,-0.2704194449913775,0.036993296742496,0.1780704775677518,-0.1537994627730662,-1.1698856472689776,-1.3532634253628155,-1.1182034686101665,-0.4445543720703811,-0.2142075130224269,0.0904484496511698,-1.323254235781478,-0.1215304235017753,0.2553125507345077,-0.0810488017910679,-0.3374515733257159,-0.8518099476851015,1.4011495457307697,1.8349429747521584,-1.0513836172042956,1.46959367162004,0.2586428875498882,0.3736416772117393,-2.0027581247857387,1.0491745481363683,-0.4265224173607675,1.1782648244892957,-1.6421960525246215,0.1753883982225723,0.2814113391389134,1,train
GSM2278687,0.0419078902736064,-0.4829430867333407,-0.5367752634982061,-0.3832190354815573,-0.6043215606348662,0.014071762818802,0.5738330148231776,-0.3243996519390976,-0.5242466641858912,1.5381894672894554,-0.5405571760462902,-0.5388544001045443,0.6961979335979634,0.0857543253109691,0.5066732002698888,0.978334976458882,0.1959099081177641,0.0864717953174724,0.3086000188209198,-0.6701703087345587,1.9584387320388248,0.8831929818178456,0.0896110620759403,0.0106011255717665,-0.770259327808863,-0.0145382264291177,-0.5670238511906759,0.8129394422333609,1.6883324574236067,-0.2508906842738467,-0.4016377967548555,-0.2381240862420414,-0.2589699195291848,1,train
GSM2278688,-0.4391319375089622,-0.5196123608760149,-0.9996290195305556,-0.6661234788406369,-0.7129882657388128,-0.6524671566635472,-0.8524613323764394,-1.0257808556489307,0.2726954643945462,-0.5820724255233884,-1.1283889111182004,0.2981242194313809,-0.6321195960503384,-0.5364645683870563,0.4801744717936231,0.1076776294232373,1.1977660748077927,0.8700822213782481,-0.2981344402049878,0.1529327224060222,1.0813482856090804,-0.4894997745713567,-0.2143784557141951,-0.1506409960678482,-0.6679771163347982,-2.0977963486483118,-0.7536342201877159,-0.6481325680858679,0.8418693299024269,0.7921326391334841,-0.8631603874458426,-0.3492662345100029,1.3875775603065212,1,train
GSM2278689,-0.0853893186791719,-0.0772062821176419,-1.132453987026559,-0.064065032148351,-0.3677916807613028,-0.3584095785628051,0.1748132139599995,-0.091827459740853,-1.1441294471181989,-0.5080221074341041,-0.5159577148230887,-0.4445788585489668,-0.8340432275887621,-0.1426901054441074,-0.5016790094213518,-1.3345928056945018,0.4587131442464394,0.1224213982254187,-0.1188074490412709,-0.1810001273862922,-0.1301211089481806,0.4207052250063193,-0.6192402950881731,0.0380336232331595,-0.6623209341227159,1.0085448709568317,-0.4385150836186829,-1.048995362830198,-0.4465968669768533,0.9635293659107708,0.2246512592596658,-0.3244852521253524,1.2234227987960309,1,train
GSM2278690,0.2951662906612315,0.6096721634035733,0.041726301208441,0.0594091264868165,-0.1909698392103885,-0.4872859902778397,0.0775270562886594,0.4794782074518895,-0.2526489854776469,-0.560308406054179,-0.7909205154606382,-0.1370474726512749,1.2262919331691255,-0.5784380724857977,0.0190652518743133,-0.2491787944783037,0.1994510977166773,0.2275919616657531,-0.4538381847819218,-0.8322437438487379,0.8135766629841884,0.6198496380347076,0.1577310534834548,1.003538635091317,-0.4169643656425658,2.0159731404842085,-1.7682908798248616,-0.2167623086513268,0.6240275211009482,-0.5329714029782254,1.4311432350490751,-0.701623064454456,0.1545874710463,1,train
GSM2278691,0.0702190524863426,-0.3188071311484352,0.2420083047218844,-0.3780795824203314,-0.1484296747055872,0.331633052755238,0.3091735925945725,-0.0088922462107667,-0.0160324511320918,-1.1866482901404891,-0.4959981413933331,-0.5439380886129145,-0.5584094715117558,-0.2838334956862602,-0.970647967292436,0.1982287788692992,0.3873260333729098,0.2438184636669596,-0.4286633480736316,-0.1674292236041678,1.379001904808184,0.7261857487472879,1.624315322381206,-0.2304719830092196,-0.2482150720571144,0.2292109000923352,-0.4869869704905097,-1.3487798150808623,-0.1014618286755507,0.8398279804095407,1.0649616278375778,-0.3039380424344751,-0.0082409581628447,1,train
GSM2278692,-0.6663317312768766,-0.0176892654935253,-0.1483552455463942,-0.3401419338134641,-0.4383476226853158,-0.920606316664469,-0.6189295738173123,-0.1116058005561998,-1.2598547715285413,-0.9936623463577388,1.603283334051114,-0.2277477511802833,-0.4045565840960589,-0.2945682611548433,-0.5118749201174237,-0.379338871549273,0.3779911400349106,0.6558690493929815,-0.3005620922170405,-0.5344606681759576,-0.2073396912903165,0.6198984549546183,-0.1870657053295037,0.2736440338666869,-1.2093523723486028,0.9926263849027614,-0.4422580484429271,-0.7459420208962815,0.6845732503721828,1.4577355359393047,-0.0571120925322785,-0.5437620316031703,-0.4583328721268289,1,train
GSM2278693,-1.2243789733490715,-0.0897773735529365,-0.7721856163220847,-0.8113559843642424,-0.6800182952170222,0.4526974077957291,0.8101724314029118,-0.0509114155635451,0.0382351909740866,0.2231044294809755,-0.6481194605907546,-0.4344114863720918,0.6613824019273121,0.129778535338956,-1.1558289328416298,-0.5508653252008433,-0.3945106270256351,0.1959215272250848,-0.0881980466364537,-0.7272964162559918,1.116712717375896,0.7937439425005488,0.1713343972449736,0.5373236180390762,0.1307020859190903,0.50806582600368,-1.9304577077208196,-0.8453356212010477,1.0401982118502937,0.5301107765864068,-0.6318884763468089,-0.6888308783289396,0.3016998957998072,1,train
GSM2278694,0.0485558923764945,0.4113891709313186,-0.3735088031556252,-0.7940809312914557,-0.8236550541781015,-0.293302107888687,0.6939392500929522,-0.2758915574390479,-0.4578322263557554,-0.7344357331530305,-0.3552290511871879,-0.3911116145758307,-0.1986773656145517,-0.8452966154571699,1.234392145926528,-0.929582348958424,0.5894859145452868,0.2826464887791537,-0.1297611920812924,0.4589908567862339,0.8752189221128587,0.0378917153283979,-0.7690388913891356,0.7737182677693895,-0.088626099212942,0.2781925285978959,0.6831054692064511,-0.9038268954429182,-0.9203550240259424,-0.8223967679071393,-0.0127378795515788,-0.8669982591900589,1.3107635081549598,1,train
GSM2278696,-0.3471982916178345,-0.3975880917016342,0.0582398231709806,0.4347220803129316,-0.5603324809002191,-0.4548695859306891,-0.3015911436922759,-0.3046092039374822,-0.2427102708249039,-1.4872977884296217,-0.0069663168857738,0.3645605272229861,-0.2688228002371758,-0.2119918107052804,-0.0976101574174773,1.1858149942054843,-0.1861805785011395,0.9079718125353664,-0.1032484220404047,0.5591689447020443,-0.4265472408639958,0.3447061183068644,0.1098312406026924,0.1765236189575281,-0.6672679990020465,0.0638405734914093,-1.3840926248313568,-1.069989042742897,-0.1709916295615937,0.0525639049176897,-0.5187406280316509,-0.3841912116179548,-0.0399315954097362,1,train
GSM2278697,-0.8179932422179421,-0.8333901304736847,-0.5989707162112461,-0.4926064103871199,-0.5298720917937554,-0.5269023527391498,-0.4638994348856288,-0.1392143783926309,-0.5487855314331206,-0.3218736303827953,0.005389160569773,-0.0413986378064894,-1.1724356926071278,-0.5377970559047115,-1.1420489225655968,1.0910324781230356,0.122201183305942,0.7469902905175783,0.5789157923184064,0.1444700706696725,-0.0555855561922728,0.9560833151534308,-0.8307631041114538,-0.0017351913945345,-0.6634362438175276,1.1350617682397368,-0.1920591039488375,-1.5731749337985033,0.3836294374494833,-0.1443318185214495,0.1149833805285802,-0.7196645551316113,0.5238002322581259,1,train
GSM2278698,-0.0541410812983906,-0.0370129111158131,0.3394316972656509,-0.6123742195074833,-0.6744918375623773,-0.6607002324964466,0.4255928060234222,0.0953885678466838,-0.4792281934178371,-1.1019420850591082,-0.5418423131234023,0.2817767378679612,0.009623127304035,-0.7881350183161324,-0.034765274223501,-0.0173182771202694,0.2866293337970315,-1.215472307150552,0.0820479182041933,0.4082030692300245,-0.4120139671093872,-0.6564477172294028,0.3646941216148214,-0.1654682332687967,0.1281759735050023,-0.970564560024194,-0.0897059619361196,0.5780985896217803,0.5308761419030392,1.5203190040708376,0.1136234827166849,-1.4616366919231685,0.5666871284232314,1,train
GSM2278699,-0.8500540253722592,-1.1116159108599737,-0.5381583678329726,-0.4918007714519502,-0.6829905084644253,-1.041382082454695,1.4572219863433482,-0.8776112007580852,-0.2021099131183507,-0.6216322792196447,-0.2384862440035977,0.0019304619204926,0.956448555030447,-0.4949348835790387,0.3182802494749063,-0.5924727480282099,1.0089657934082343,-0.2330280386071886,-0.4327791966705514,0.2801124710574491,1.5018725347890856,0.9347561464222408,-0.745040850401941,-0.2618683003905956,-1.050838140613468,-0.1451470748039043,-0.3216459935077933,-1.627815780379002,0.2813569700996385,-1.1691364065842726,0.2633267262069376,-0.6639918331492444,0.429734547740406,1,train
GSM2278744,-0.5349427257828377,-0.4282375680745426,-0.7591834797335097,-0.522462171070679,-0.4753291981493088,-0.2169255948383376,-1.6435651833793332,0.2784265885310886,-0.1288345493445485,-0.6723443816121123,-0.8365351503437639,-0.9334206488157246,-0.6926212210297831,-0.651025615444678,0.0791017377041097,-0.118176532320861,0.5041280865038827,1.3420725787744012,-0.6827455803712019,-1.0234190148647593,-0.8449373065575552,-1.1155000261606862,-0.4195932116307289,-0.3388788625125866,-1.0010878645198489,-0.1852674825275737,1.1338501870499762,-0.7866187195049922,1.3667721959645314,-0.8831543556684999,0.1112858209980553,0.0903402963148521,0.3761313839688966,0,train
GSM2278745,0.332603079199708,-0.5912457119067439,-0.7641681381019935,-0.2403640978949155,-0.5613588665333002,0.1148184520560992,0.148336138633397,-0.1415250544318771,-0.7823042313081601,-1.3670967333334147,-0.2212407856139262,-1.0000708123929851,-0.2184206839930265,-0.879996165587722,-0.4232555259899569,-0.9933973582137096,1.0427671675296806,0.7272298283571242,-1.4751511210700703,-0.6404564603697174,0.8425057937172215,1.121046591970513,-0.6421584105484005,0.8583052564792021,-0.5469801419775774,-1.259660627139027,0.641635528964012,-0.920760277955786,0.0265515372035102,0.0516932650742155,-0.8187445237081329,-0.4615582763158714,-0.3514813155714638,0,train
GSM2278746,0.064902370206856,-0.0364048447726563,-0.4853694978148893,-0.3259012192009635,-0.4578188150257238,-1.5306097452478475,-1.4070435963349688,0.3431718432644475,-0.599558981741067,-0.5726846948223061,-0.5546705754371694,-1.166643766097769,-0.8197765780472114,-0.7776776922658579,-1.1761859418274332,-0.8547347404380833,0.3743189788750145,1.0417572089122884,-0.6404512313806274,-0.36029419984864,-0.065436047030946,-2.2742707449055355,-0.3786383450000847,-2.085382255957764,-1.3332608335068672,-0.754038011093752,-0.4219264352091356,-0.5849899637559016,0.0236547673233719,1.0975187652903438,-0.2237506592306881,-0.8164855995668987,0.213406258702723,0,train
GSM2278747,0.0786458383103675,-0.4528611836030548,-0.6014491383742298,-0.4450779341647915,-0.845208122937903,-1.5411769609996893,-2.011780305508553,1.0628951980742964,-1.0446152448963095,-1.5308183926344678,0.090097567684926,-0.9372612282745336,-0.3704085678943623,-0.97755916930097,-1.877629789516768,-0.2418725189325079,0.2969729469091069,-0.1519557440489478,-0.4288702746679543,-1.0398499565543702,-0.4184785885845714,-0.3115133987622202,-0.9176460884218828,-0.60736592538047,-0.7117375413934076,1.1814152003381115,-0.1192337104522751,-0.1001505305361969,-0.1884787261776453,0.5775528659556473,0.9040305728654512,-0.0265918915883072,3.301782935854812,0,train
GSM2278748,-0.0920378841430916,-0.3351086201799576,-0.7480059713172938,-0.5730481206165466,-0.4044908716480387,-0.7332050771434951,-0.2048132017996178,1.877401555143826,0.4112895985801933,-0.1841238560625647,-0.7993223663972263,-0.4662164562636673,-0.7798492637629298,-0.9582996966622214,1.339041514929898,-0.6694149853690822,0.4980521656287318,0.0444948477449027,-0.3783305081130946,-1.1374645495657645,-0.2493778151271356,0.856897937723888,-0.859225353154204,0.664526164193236,-1.0452986184893358,1.4691026769355595,1.1193429897046487,-0.5185376567259541,-0.4122422908750077,0.8009929000361715,0.1116996568386682,-0.7334165239996028,-0.4204747138135052,0,train
GSM2278749,0.7016920282371536,-0.2690338350005168,-0.5234020548591779,-0.8025883090770743,-0.3270445368919116,-0.3585671555094831,0.3582814793934576,0.8407215669059227,-0.4119944382845158,-0.6280121233169511,-0.5464617356948731,-1.2788082161088914,-0.9303823777570912,-0.7478683456637084,-2.7278550575969454,-1.0409330160816144,0.7603351616637074,-0.1101409944788207,-0.0146383415540298,-0.1893443876488388,-0.6217695748768829,-0.3281187682468601,-0.2090200461583422,-0.0389888456871842,-0.7807341769324994,0.2721406433788634,1.0048368548998816,0.9745072337725978,-0.3703953827421813,0.2418186885411874,0.1800615225465077,-0.2605485513520769,-0.9326159383621558,0,train
GSM2278751,0.3268730668755309,3.0549454908925773,-1.0145905597079918,0.0955698600976276,-0.367037282395266,-0.6233168614335345,-1.2948289711972325,0.0489951362125987,-0.9054119005071344,-0.1622603042852936,-1.3576097310224728,-0.8813135595179066,-1.0400031860714292,-0.4827696379784108,-2.421751396364144,-1.5164334604357073,0.7779202778002072,0.4739614448368361,-0.5389506980294038,0.3226541840783976,-0.7652856184346927,-2.8016701950860035,-0.7466710741886419,-3.002820273582723,-1.1037444888264711,-0.5501260610335391,1.2379826941747716,-0.3324483393598068,0.5245817159553939,-0.0251305071268311,0.2849091189080147,-0.775086610459485,0.378930082190736,0,train
GSM2278752,-0.3935630864153532,0.6267347693660141,-0.4195732163265666,-0.703829418040987,-0.5643790985009761,-0.0290971916227983,0.2037136775114893,0.764268515480181,-0.0853068730863275,-0.7853605617207818,-0.5369202221081347,-0.0692677265032307,-0.9203237199950705,-0.7536473109472591,0.3424711783853281,-0.1941711339515751,0.8005574045716168,0.5902199071196466,-0.6210179099532557,-0.0096501052621562,-0.5942832458252733,-0.2830814356305854,-0.7694908398070704,-0.0359434109882031,-1.2198350377185905,0.8603153805558554,2.060837604049734,-0.3021043313831095,1.1725397752044493,1.1096445784631472,-1.0203295310186375,-0.8553183304551263,1.5112429774393468,0,train
GSM2278753,-1.2512615811973666,-0.4846810362889247,-0.5220411526370871,-0.362587337746636,-0.5856235194921436,-0.9433124050960188,-0.1102782108393717,0.967816792274785,-0.6073072547980222,-0.8778046405102417,-1.1130791592698586,-0.2444902730618184,-0.8946672662003403,-0.399278772553463,-1.4509747524649874,-0.6733072745473736,-0.3234127602669159,0.7121160129508556,-1.1524583192709248,-0.9297113484271732,-1.593479996950763,-0.8284639206783835,-1.2446970510336963,-0.382314556624352,-0.684247817448455,-1.1012883718209503,-0.1767468825572792,-1.0700332862897657,0.1966882323043477,0.7166973227613554,-0.6579296276924842,0.2195957534624209,0.7382892815521511,0,train
GSM2278755,0.157049828483253,0.3492833499485609,-0.7057960240866117,-0.5335058953430629,-0.5051501475560539,-0.3178259017727537,0.6423683572660249,0.5277546157285151,-0.5515266049077479,-0.281606845628718,-0.5069622953084071,-0.9970314834938158,-0.398019269553623,-0.8326759817832949,-1.2271203625806746,-1.83515931331376,0.4677245707222761,1.1758963044940556,-0.427775825341136,-1.0400297593445973,0.4329718085189965,0.8461756359351149,-0.9477002506987896,0.0186043469864165,-0.7438305440142662,2.092899176822252,-0.5726907414636682,0.2133150558062965,-0.2048370313865684,1.054771670767426,-0.3878395551472536,-0.3796691349721563,1.5245554361320723,0,train
GSM2278757,-0.437411326770993,-0.7550415964432143,-0.2658049435725725,-0.6073671569179347,-0.2668006905115926,-0.823068820733668,0.082918133160082,1.5147490589259285,-0.6423658289261606,-0.2894447504532134,-0.9054847188369938,-1.2764551200460643,-0.6444650755374024,-0.7084781112846241,-0.1771055107820836,-0.8473426597071269,0.7116494733951196,1.2373409268030588,-0.6046818996306577,-1.1524293883619243,-0.2423518856570182,0.6669849103873493,-0.7281372923769942,0.790198535026795,-0.7442051899996195,-2.5238043264600893,0.4656423737913417,-0.1656676204515932,0.2047060312612943,-1.2693210941614577,0.0829499487420864,-0.4226728046720717,-0.2098449003009904,0,train
GSM2278759,-0.659201820008974,-0.3033371918584758,-0.3316064383518267,-0.7010004531877598,-0.5488873781827351,-0.1851120579107657,-0.7814284441614585,-0.4192287983033501,-0.7920907093097622,0.3006689297356,-0.7981252205706022,-0.4275294269349791,-1.0488190969410316,-0.9083355740129488,-0.5908216959831476,-0.6356700644903712,1.0518639097277958,1.1553006574870803,-0.5730218841528766,-0.5836029658554701,0.1919638761570637,-0.897506873964642,-1.4574541710721247,-1.0265462450949618,-0.9094410784383644,0.1199908897355757,-0.9467327765941556,-0.0599928109816701,0.5515420820288625,0.0025084254197509,-0.2945656867523814,-0.7243643030590767,0.1219894929212218,0,train
GSM2278760,0.2754659920181592,0.5390310990021083,-0.6471436683079009,-0.6527995288875867,-0.2597507913212414,-0.6072488714272876,-0.3248499379225243,0.4261899318807772,-0.2505683086506539,0.2067487345095367,-1.1005108220327668,-0.0084770539960087,-0.3013378861467571,-0.234315844053209,-1.044626774506072,-1.0862783670205662,0.8722506758774501,0.3359574468425474,-0.6554307329275872,-0.5418043277342157,-1.1523221264153785,-0.2541604934678275,-1.0208624678654294,-0.6555466212798227,-0.3736202101277499,-0.5425951548530318,0.0360056094933002,0.4538185254610494,0.2512264303376064,-1.1684132029450467,-0.1985107907124149,-0.4960721117842966,-0.3081479440446979,0,train
GSM2278761,-0.113035628702859,0.0483302200525342,-1.1286100997178248,-0.8595509047113776,-0.326486556362161,-1.1831458901083114,-0.5789538706648547,-0.2374565344378374,-0.4052645246859599,-0.2221630969448397,-0.6431488898258214,-0.922692549508228,-0.7734324434972316,-0.8384940174840775,-1.1292984341960892,0.4300485724396408,1.222397551017059,0.3926036828450548,-0.6425805054625942,-0.8996968454708415,0.230908338727571,-0.8242400822363155,-1.2445448956815652,-0.881207795287506,-0.727667873119365,-0.6246048570303864,0.3223237753109426,-0.0158335989350544,0.5116059056450785,-0.1293544978192131,-0.445659965857562,-0.6037937621626829,0.3825022240051365,0,train
GSM2278762,-1.403993380057473,-1.2210064316369864,-0.4833062359638467,-0.2574893090817582,-0.6757231930739738,-0.5943485725041364,-0.4852862197032865,-0.1284025467583368,-0.7300862641703504,0.3018668179980907,0.7592738259489555,-0.7551256154587481,-0.9278787945863932,-0.7718150423345144,0.0919949873006854,0.7314296134592881,1.86360426824808,-0.2646079335174635,-0.4105512546133344,-0.4993871261441719,-0.8893798076853505,-0.2840602280652011,-0.3766349877190182,-0.2353205693569378,-0.0269777644106235,-1.2292647560881227,-0.6055676710772607,2.940564744866733,0.2258772714901574,1.8100129520774095,-0.5602086946896309,-0.2394144933542568,1.9972343455953947,0,train
GSM1447497,0.0709677816766459,-1.2980506824106324,-0.2828479913934699,-1.136658187113965,-0.6410194209255482,-0.7739507485513147,0.3833361981239623,0.318181525957392,-0.1394564329661795,-1.8816037099847296,-1.2178686870460846,-0.5371039987606888,-1.3613343844506094,-0.8826589749909616,0.1379839058164814,-0.6004832616808107,1.2843371964702683,0.3773054516116811,-1.273666760985494,-1.7352813508011529,0.2325125174485964,0.7092810561702002,-0.9297316980750022,-0.0114235056770761,-1.0458850681926943,0.8807867405106666,-0.911700554056168,-1.1086917353448713,0.804697522277185,0.8997383552580399,-1.019502821584098,-1.3857020508924622,0.1487515920730804,1,train
GSM1447499,-1.4491375110823588,-0.4698974774508006,-1.1809556394799523,-0.4859098241573035,-0.8841002160924163,0.521410540307792,0.6220208427591816,0.7152034577768951,-0.8409984782602048,-0.7944121885885258,-1.0533732561174514,-1.1550473541251634,-1.3613343844506094,-1.1712025384841305,-0.0869936806745545,-0.4662253723841076,-0.1773568912543179,1.455962627585847,-1.1766677748776286,-1.7352813508011529,0.8890357189732844,-1.3325893138362854,-0.9297316980750022,0.2721038786319109,0.5436246142964422,1.5105484864763152,0.0682220601574971,-1.0825481447345215,1.6991611488418732,0.8179045895198614,-1.710920868160055,-1.4452317008369826,1.5440448739815122,1,train
GSM1447500,-0.60889582402979,-0.2701138875750463,-0.0842714259874143,-1.136658187113965,-0.8196593341522059,-0.3568627874576722,1.3002633478117418,0.7152034577768951,-0.7844761333786966,-1.3207628423955151,-0.4668526622325673,-1.0850200826137224,-1.3613343844506094,-0.7848640088405925,0.9777517286592592,-0.0468580327831677,1.911769036595164,0.7606414648632014,-1.1311376385412824,-1.0156351696011008,0.3470621385479577,0.5062221243463493,-0.9297316980750022,0.8729119072866359,-0.4041112057792403,0.5739797360658633,-0.6830519440729809,-0.9169720708689848,1.1419023938847577,1.315921506726486,-0.7665449996660663,-1.3639229106688582,-0.4200546979525195,1,train
GSM1447502,-0.5194095032786861,0.0301195519589084,-0.4825528327393337,-1.136658187113965,-0.9216227549436774,-0.8474464245149522,-0.1223916627863091,0.7152034577768951,0.4390663911151521,-0.5679764372356596,-0.3522451898642558,0.8766898341865168,-1.3613343844506094,-0.1729192701570942,0.2048089315068885,-1.3577580979386217,0.7013253096285542,0.4584495712050691,0.2327868804040034,-0.9319239815440594,0.7710667061993162,-0.3849809653249917,-0.9297316980750022,-0.0114235056770761,-0.0222806325991419,1.038227177002083,-0.1967199799817507,-0.4202438492723691,1.097574992922259,1.552070373570947,-2.5170131273388527,-0.274965899488621,0.2919075375493198,1,train
GSM1447503,0.7891826677049818,0.5346010191312044,-1.6931929161523922,0.3261351415834875,-0.0789970455229563,0.0841112683241512,1.1962819184657032,0.9970587223510452,-0.7861385552869751,-1.1902998598279708,-2.392258198020184,-1.451243786328963,-1.3613343844506094,-1.403586616465206,0.2983639674734573,0.5128012585547759,-0.0177226841428952,-0.0563958772495263,-1.9061397418316792,-1.3747831699748607,0.1778022506548725,0.7092810561702002,-0.3999743406183575,1.2441977676912432,0.4043248612144516,0.7152724354812321,-1.85170039509817,-0.8363626664870771,0.6511347403713894,1.792895455600442,-1.8677547177492348,-1.3014893753611911,1.3474440421941425,1,train
GSM1447505,-1.221354149170459,-1.2322002254124793,0.2666223912926062,-1.078813888184483,-0.7927409910632581,-0.3770740983476721,-2.204383464010365,-1.4608404128063344,-0.6714314436156786,-1.029845387015014,-0.337413634616593,-0.3866399964590792,-1.0309502105013888,-0.5582895328090441,-1.5660542492888905,-2.078828559554625,2.1769006327541334,2.859196281933561,-0.0978015008207607,-0.1798734694832176,1.1796840113149432,-1.10696827847645,-0.5269130045456684,-1.334551299118962,-2.754794539037821,-2.8251189184410417,-0.0007354571390195,-1.8799276583501427,1.4347798645298322,-2.72666652073952,-1.6417790635024596,-1.4263564459765252,1.3188128530988918,1,train
GSM1447506,-0.0777886995719413,-0.8694646572023104,-0.9609418312175596,-1.136658187113965,-1.2266973099517613,0.1704686875814249,-0.1247548770896288,1.7577648665242966,-0.4470044859979182,-1.668664129242301,-1.751804675961978,-1.324437646024461,-1.3613343844506094,-1.8790057093348216,-1.2542041294003266,0.0330932945508245,-0.5327165175197445,1.4000011657973033,-2.182289916567336,-0.8873680266104723,-0.169266004317813,-1.10696827847645,-0.9297316980750022,0.569132566955587,0.2675126037232105,0.4084654310364288,-1.5178008376623988,-1.4964883293983695,0.3471754194856898,0.6518989504509852,-1.1628455873376495,-1.4873380386026176,0.9103412220066838,1,train
GSM1447507,-1.4491375110823588,-1.2980506824106324,-0.2602824725973287,-0.6282957907529487,-1.2576941898723686,-0.7739507485513147,0.8890640590342301,1.2940674957732747,-1.2532791115135689,0.2642874170745369,-0.8902261483931491,0.4584188340776381,-1.3456696175823273,-0.1845384740561478,2.719657398322528,-3.1755194080793827,1.9645177311189357,0.9299248867735436,-0.2096472705165642,-1.7325809898960876,1.5592364871964022,0.5062221243463493,-0.9246541515179098,1.595231672073797,-2.376695209243848,1.038227177002083,-1.2927815706948185,0.1069852280363195,1.5139359376771508,1.315921506726486,-1.554087018570875,-0.7628186404973655,1.103124561914689,1,train
GSM1447508,-0.9110574265659832,-1.2980506824106324,-0.5784562876229408,-1.136658187113965,-1.229960139417088,-0.4726184771004008,1.3002633478117418,1.1546552143710005,-1.552515055003912,-0.2110777033152515,-0.8039334633158334,-0.8976498155966232,-0.9483541670140831,-0.4062716151297568,-0.1872312192101642,0.3363049321759623,1.0316987121721923,0.4724399366522041,-0.9084358847222046,-0.968378853762448,2.2944056972370674,0.2956424913438431,-0.5082953338363289,0.2721038786319109,-0.5894296272901026,0.0976214923226163,-0.1350211487164458,-0.5117464164085883,1.7434885498043706,1.0797726398820315,-0.0886180369257374,-0.649567111334622,-0.3360698766064579,1,train
GSM1447509,-1.1353543084486188,-1.2980506824106324,-0.0752452184689574,-1.136658187113965,-0.853103336171809,-0.2943914628885811,-1.1882013135831857,-0.1637000554113152,-0.1394564329661795,-0.2635628112447239,-0.2133678998179509,0.3287737503334841,-0.4186002329230922,0.274420079956477,-1.5103667278802182,-0.0151792049715859,0.8443020342587839,2.1708703019344844,0.2327868804040034,1.0420398400590831,-0.3539131547466322,-2.2877183635262406,-0.9297316980750022,-0.9632654387143548,-0.6565920082403456,-1.2789730934099894,0.0682220601574971,-0.8603276245465635,-0.8243344630946092,-0.0495333273048291,-0.9790295700772133,-0.4317757090985741,1.2672767127274456,1,train
GSM1447510,0.2952646635592823,0.8125122698522274,-1.4506135890938574,-0.3624344937501426,-1.495880740841246,0.2825495934259708,1.0568522745698796,2.3790587292952736,-1.9265599843668408,-2.2819901047609874,-1.763939584800975,-1.865729528518304,-1.3613343844506094,-2.068786039686034,0.367416494020213,-0.2987801396657464,-0.0899051082280611,2.20864428864175,-1.9882919443516027,-1.7352813508011529,1.0001659483980363,0.0888232089306644,-0.9297316980750022,0.8729119072866359,0.003838071103729,1.6639519886987169,-2.236410754752425,-1.4463797807285368,1.2194753455691294,1.152253975250129,-2.237073137749563,-2.449976036485946,4.447247448239688,1,train
GSM1447511,-1.4491375110823588,-1.207645817718252,-2.7639267830293663,-0.9597881192334364,-2.124791120283044,-0.3366514765676723,0.1210194104555495,1.439541180714771,-1.1967567666320575,-0.6474538863860031,-3.261926664815012,-1.8609979561188823,-1.3613343844506094,-1.9700228065440777,0.0733863809824214,-1.1284637252071732,0.0044872924986941,2.1302982421377905,-1.773508475112761,-1.7352813508011529,0.7129370477309868,0.5062221243463493,-0.9297316980750022,0.8729119072866359,-0.5446547066566038,0.8807867405106666,-1.0205808445243545,-0.8603276245465635,0.3899196989852416,0.8179045895198614,-1.6400926780230054,-1.086601858488291,0.6698392336065987,1,train
GSM1447512,-1.4491375110823588,-1.2980506824106324,-3.208467503313378,-0.9063933817600692,-0.612469663103936,0.5195731484087006,1.437329777404244,1.59410697096511,-1.4112091928001376,0.6106891294090518,-0.337413634616593,-2.545183325075261,-1.3613343844506094,-2.186914612659748,0.2025814306505415,-3.284132532004805,-1.3045132058149678,1.1565688070171432,-1.177657560450158,-1.7352813508011529,-0.2615895795322213,0.0888232089306644,-0.9297316980750022,-0.0181741576844327,-0.7473855973027149,1.1956676134934938,-1.0242101875399592,-0.2655609381611422,1.6168388327686622,0.7313946085966405,-3.483312007065739,-0.5871335760269549,2.954608123407412,1,train
GSM1447513,0.9542093890901338,1.2489110611450769,-0.8639101003941465,-1.136658187113965,-1.7095960708201707,-0.1529122866585802,-1.715198103223329,0.7152034577768951,0.4390663911151521,-1.1678062421439113,-2.1832681013485598,-2.198832225437592,-1.3613343844506094,-2.263407704995185,-0.7262864264461127,-3.2554707354133745,0.6402478738641837,1.888264919902341,-2.1050866419100545,-1.6974762981302305,-0.2154277919250191,-0.629403753631472,-0.9297316980750022,-0.3084521940007603,-2.5035574843720885,0.2550619288140271,-0.8028202635879815,-1.5422396129664775,0.4627432862807731,0.2894922736104789,0.2537182154033344,-2.364311418273102,1.6547521384831398,1,train
GSM1447514,-1.4491375110823588,-1.2980506824106324,-1.738323953744678,-1.136658187113965,-2.258567128361454,-1.1138682498831352,0.614931199849226,1.148593810831778,-1.6057125560688617,0.2822823112217847,-3.5841759106506137,-1.3698607410589088,0.8060997222335022,-1.0908363781823411,0.5010665454010255,-0.4104102948113213,0.2973813594596507,3.5755029928269124,-1.3736351038109482,-1.7352813508011529,-0.1726853959924211,0.2918821407545153,-0.9297316980750022,-0.6189821863391659,-0.5919171228808507,0.7112355012122173,-1.354480401960121,-0.7252524063930981,-0.7641758475026482,1.7905573480079189,-0.5962200662412566,-1.4495875288817026,0.4827821315176426,1,train
GSM1447515,-1.4491375110823588,-1.2980506824106324,-0.523170766572391,-1.136658187113965,-1.3710775137924849,-0.0242948537222136,0.1824629823418441,0.318181525957392,-1.8318019355948971,0.00636060096399,0.1857357686646362,0.4063715376839999,1.4839569067155238,0.5949164541720429,0.106798893827624,-0.4435976382329766,1.7854497944461234,1.9847984414875777,0.6257317526981114,0.1468702000297519,1.759270900160957,-1.3325893138362854,0.1043952840528257,1.2441977676912432,-1.6777089482431484,0.5739797360658633,-1.7319320755831649,-0.9431156614793312,1.0200020412378887,1.0797726398820315,-2.0448251930918597,-0.8063769209445762,-0.0115830668603113,1,train
GSM1447516,-0.6054093440005256,-0.5290512778050742,-0.1666355695933359,-1.136658187113965,0.611091386393724,-0.1547496785576698,0.6527426287023288,0.0726946826186171,-0.6165715206424475,0.0138584735253434,0.4756252575962453,1.1709936374305476,0.2208070692458735,0.3828659830143108,1.1759993048741333,-0.2112862342813783,1.4967200981054665,0.5423917638878842,0.1872567440676608,0.3764008769603503,0.7693570103620134,-0.3887413159143194,-0.9297316980750022,0.8729119072866359,-1.1963785514330587,-0.0678928127068181,0.8086080353411609,-0.389742993560296,0.6511347403713894,0.4227644063840842,-0.1611326125422394,-0.0818575228393252,-0.6013855622224266,1,train
GSM1447517,1.2447493915287815,1.3437803636000432,-0.8266769943805106,-1.136658187113965,-1.1598093059125554,-0.6251220047249483,0.3833361981239623,0.318181525957392,-1.552515055003912,-1.1753041147052647,-1.2300035958850826,-0.5730639489962941,-0.0725512921055896,-0.8565157662180908,-0.1872312192101642,1.0875457059934726,0.8637357638201745,1.009669969822217,-1.3716555326658897,-0.4013030636986176,1.181393707152246,0.7092810561702002,-0.8823412635421393,0.2721038786319109,0.3371624802642063,0.2550619288140271,-0.4507739910741845,-1.1348353259552175,0.3899196989852416,0.5747413998978431,-1.2387329339130595,-1.086601858488291,-0.8552487722002955,1,train
GSM1447518,-0.2730315812107129,-0.0055959501417851,-1.387430136464658,-1.136658187113965,-1.7063332413548435,-1.2112500205349557,2.115572282456802,1.9335455691619416,-1.7436935744560758,-2.3719645754972247,-1.6682086372933271,-2.545183325075261,-1.3613343844506094,-1.3706655387512208,-0.6951014144572554,0.8235554742302909,1.5647381515703327,2.628355252055821,-2.2951254718356684,-0.2716857402554561,1.374589336767583,1.3748631104817055,-0.2950383784384467,-0.3084521940007603,0.5809370481576882,0.0976214923226163,-0.6830519440729809,-0.5705694952818712,0.6242216755013014,0.7360708237816829,0.0817068964990706,-1.568646828770742,-0.3131649253302583,1,train
GSM1447519,-0.1091670198353158,-0.1205552225283925,-0.7973418199455256,-1.136658187113965,-0.8343420667461785,-0.9889256007449532,0.5558508422662494,1.000089424120666,-1.1385719998422694,-0.9488683633524004,-1.166632405281428,-0.5882049806744437,-1.3613343844506094,-0.9088021837638324,-0.632731390479544,-0.2821864679549191,0.6805034565270642,0.1422673120998006,-1.4765728033539882,-0.7591008836198445,-0.0188127706350726,0.2956424913438431,-0.9297316980750022,1.2441977676912432,-0.812060482662211,0.5739797360658633,-0.1350211487164458,-0.8058618107750041,0.4453289501883631,0.3549592862010229,-0.4005993506246445,-1.151939279159105,-0.6987316051462686,1,train
GSM1447520,0.8135880279098282,0.5200915964027983,-0.523170766572391,-1.136658187113965,-0.8196593341522059,-1.0238360468276806,1.4396929917075618,1.000089424120666,-1.0803872330524795,-1.442228377889436,-1.2677566456064076,-0.3629821344619695,-1.3613343844506094,-0.5573212658174553,1.4232518999286372,-0.2354224840425828,2.125540061770459,0.7312616974242153,-1.273666760985494,-0.5133680412588514,1.3130402866246442,1.1379610233538868,-0.9297316980750022,1.2441977676912432,-0.152874151113508,0.2550619288140271,-0.3237469855279676,-0.3200267519327017,1.4616929293999203,0.6542370580435044,-0.8744736703510938,-1.1722664767011346,-0.4009672385556882,1,train
GSM1447521,-1.4491375110823588,-1.2980506824106324,-1.531849456759972,-0.5949240798320947,-0.9330426580723228,-0.1308635838694872,0.0595758385692549,1.1546552143710005,-0.8409984782602048,-1.6266760428987237,-0.5841567810095436,-0.5475134580394166,-0.8515174263737944,-1.4703970388847647,0.1379839058164814,-1.3381473950076428,1.1191504951984492,1.275486913317797,-1.8635789622129209,-0.6996929437083956,0.4667408471592286,0.0888232089306644,-0.9297316980750022,1.2441977676912432,-2.4562950681478424,0.7193093697502412,0.0028938858765918,-1.2633746464560984,-0.0565205535656294,0.5747413998978431,-0.6147703065152456,-1.915661129666844,0.102941689520683,1,train
GSM1447524,1.2865871518799474,0.2533414400882427,-0.1564810861350708,-1.136658187113965,-0.4020171625903381,0.0179651599568774,0.525129056323102,-0.0424719846267356,-0.5035268308794295,-0.2890555779533238,0.633379072503214,1.3981091126027896,-0.2220786122119179,0.3702785121236693,1.211639318575683,-0.7060793543860833,0.6013804147414026,0.8837566807979956,0.4604375620857275,0.4830651327104517,1.3130402866246442,-0.1367978264291712,-0.9297316980750022,-0.9632654387143548,-0.4973922904323579,0.8807867405106666,-0.966140699290259,-0.0455190505240441,1.539265881084292,1.2340877409883075,-2.15444024925634,0.2941956316882502,0.0800367382444834,1,train
GSM1447526,-1.0737598279316258,-0.6864227089362556,-0.1824314327506355,-1.136658187113965,-1.495880740841246,-0.9025681814876778,1.401881562854459,-0.166730757180931,-1.1418968436588297,-0.1226028070912848,0.2976465946242803,0.3628410716093198,0.2151107903846803,0.7072354251962292,0.6703566104833875,-0.2897290460052949,2.040864525824401,0.4164784748636616,0.0823394733795622,-0.5930286879582936,1.4327189952359165,0.7092810561702002,-0.9297316980750022,0.569132566955587,-1.966258436770128,-0.2212963149292198,-0.3273763285435745,0.42288694791136,1.1751479446066306,0.9862483361812548,-0.6603027144604912,-0.2764178421701944,-0.4219634438922036,1,train
GSM1447527,-0.540328383454269,-0.287971638625393,-1.4336894499967507,-1.136658187113965,-1.6476023109789557,-0.2943914628885811,1.4727779919540287,1.1546552143710005,-2.210834130682665,-3.660099081537693,-1.7207932422623176,-1.5581773225558933,-1.3613343844506094,-2.1201041902401885,0.2694064563409486,-0.209777718671304,0.1419115229685275,1.1090015644968805,-2.411920169394118,-1.7352813508011529,1.759270900160957,0.5062221243463493,-0.9297316980750022,1.2441977676912432,-0.9128040540875788,1.667988922967726,-1.673862587333467,-1.5901695290854505,0.5371499950392523,2.223107252624005,-1.387134856104972,-2.2597715451997997,1.0764021187591244,1,train
GSM1447528,-0.8506251060587449,-1.2980506824106324,-0.1813031568108284,-1.136658187113965,-0.9697494895572524,-0.3146027737785827,1.4396929917075618,0.8515850374095488,-0.5583867538526577,-0.3640343035668564,-0.3684250683162535,-0.0809804194564362,-1.3613343844506094,-0.4876060424231329,1.3519718725255363,-0.8674905246641431,1.1191504951984492,0.3381324283597019,-0.6213980686887283,-0.8549636957496828,0.3470621385479577,0.7092810561702002,-0.9297316980750022,0.569132566955587,-1.1777223345024344,1.1997045477624972,-0.5088434793238824,0.5841057566751736,0.7477051496111173,1.315921506726486,-0.279179596103987,-0.7628186404973655,-0.5994768162827424,1,train
GSM1447529,-1.4491375110823588,-1.2980506824106324,-0.8086245793435967,-1.136658187113965,-1.4273613220693775,-0.6067480857340398,2.6118472861537967,1.9335455691619416,-2.6048281229449515,-1.0493398556745324,-1.1989921621854207,-2.545183325075261,-1.3613343844506094,-0.6551162319678253,0.8084616635768954,-0.5401426372777978,2.350416075266548,-1.291745146231612,-1.1311376385412824,-0.4553102817999349,1.494268045378854,1.3748631104817055,-0.9297316980750022,0.8729119072866359,-1.6242277930420277,1.038227177002083,-1.133090478008146,0.1069852280363195,2.2057600169847054,1.2340877409883075,0.0564111143072682,-1.5483196312287113,-0.1451952826381351,1,train
GSM1447530,-1.4491375110823588,-0.1250196602909795,-2.426572277027032,-1.136658187113965,-1.734882999176456,0.3101104719123345,1.4727779919540287,4.379321897240858,-2.011343501689104,-1.749641152904915,-0.5450554080838861,-1.484364793124914,-1.3613343844506094,-2.3118210545745748,0.469881533412168,-1.6956655945954933,-1.9319450459398624,1.1915447206349818,-3.56699993253574,-1.7352813508011529,0.8890357189732844,0.912339987994051,-0.9297316980750022,-0.6122315343318012,-0.871760376840207,2.7014440958344297,-1.4597313494127009,-0.999760107801754,0.6717153193896919,0.7360708237816829,-1.0785263133649718,-1.7951498870962317,0.6144856013557857,1,train
GSM1447531,1.2377764314702546,1.390656960107204,-0.9248370011437318,-1.136658187113965,-1.1059726197346582,0.0859486602232409,1.5436744210535986,2.082049955873049,-1.8783497490267296,-0.8378998494443736,-1.4282071069220423,-1.295101897148046,-1.139179508864065,-1.6350024274546937,0.7772766515880397,2.602095378509093,1.0969405185568613,1.1915447206349818,-2.0654952190088856,-0.6065304924836235,1.4344286910732191,1.6042444964308689,-0.6927795254106891,1.9732681844857525,1.365741907039256,0.8807867405106666,-1.0205808445243545,0.0743057397733848,0.8347768300731664,0.497583849344705,-1.331484135283007,-1.1301601389354996,-0.3799710332191728,1,train
GSM1447532,-1.4491375110823588,-1.2980506824106324,-1.913206724414784,-1.136658187113965,-1.0969998387050093,0.4221913777568804,1.891066923641496,1.4365104789451504,-1.7470184182726327,-2.1410301006075483,-0.3549418362729232,-2.545183325075261,-1.3613343844506094,-1.1285987908542665,0.90647170125616,-3.30525175054586,1.2413053667271905,-0.2914340167614069,-1.4785523744990468,-1.7352813508011529,1.241233061457882,1.5967237952522135,-0.9297316980750022,0.8729119072866359,-1.2933908794723008,1.18759374495547,-0.3310056715591793,-0.6686079600706769,1.038999498793245,1.3112452915414496,-0.7918407818578685,-1.089505743851438,0.1220291489175142,1,train
GSM1447533,-1.4491375110823588,-0.80584641908545,-2.1727101905704256,-0.1989131102379548,-1.5554273785834654,-0.5075289231831283,1.5602169211768313,2.2184315355057027,-1.8467637327694149,-0.9218760221315294,-1.1491042036250976,-2.545183325075261,-1.3613343844506094,-2.4986965839510247,0.4877015402629437,0.923117504495262,0.8526307754993792,-0.0298141828999686,-2.9968834427588966,-1.7352813508011529,1.680624891644976,1.5892030940735458,-0.9297316980750022,0.5556312629408818,-0.3643112763272425,1.0099686371190082,-0.5923183686828247,-1.4638088411354349,0.8537742876285218,1.3767123041319898,-0.4157768199397269,-1.8082173712303944,1.0878545943972242,1,train
GSM1447534,-0.0022482989378934,-0.4542719452817473,0.0285561679932994,-1.136658187113965,-0.7397200122516924,-0.6067480857340398,2.151020497006588,1.000089424120666,-1.8783497490267296,-0.5679764372356596,-0.4021331484245801,0.4224588838420338,-1.3613343844506094,-0.3520486636008394,1.494531927331738,0.2276918082505396,1.7077148762005625,0.1422673120998006,-0.7471008363999415,-0.3540467478599657,1.8276587336531092,1.1379610233538868,-0.9297316980750022,1.595231672073797,-1.007328886536073,0.8807867405106666,-0.3237469855279676,0.1069852280363195,0.5656461813722866,1.552070373570947,-1.277519799940492,-0.9152726220625996,1.435246355419569,1,train
GSM1447535,-1.4491375110823588,-1.2980506824106324,-0.6709749146871264,-1.136658187113965,-0.7756111363702904,-0.6931055049913117,0.7070965576786661,0.0605718755401586,-0.3954694068412502,-1.3762470993495288,-0.8470798058544918,1.3138871238930834,-1.3613343844506094,-0.1787288721066205,1.1336767886035428,0.0511954818717276,0.7748958572538168,-0.1990976048103108,-0.7510599786900548,1.1379026521889228,-0.0803618207780115,0.6980000044022109,1.3771669543639986,2.364806000912438,-1.901583551410632,0.5497581304517976,0.380345559499631,0.3204912180208292,-0.9778972450004056,0.2754636280553617,-0.5793562114467201,-0.6800579076476688,-1.649287083108514,1,train
GSM1447536,-0.7076794248589297,-0.6797260522923751,-1.9301308635118917,-1.136658187113965,0.0270449121001743,-1.3802900752513216,0.9505076309205248,0.4454710002812032,-1.652260369500694,-0.5694760117479308,-0.3778633307465842,-0.7377226684961691,-0.7162308034204502,-1.6011130827491198,0.3317764803186617,0.3815604004782228,0.3182032125611406,-0.7601112592404531,-1.4775625889265176,-0.6618878910374731,1.4327189952359165,1.818584480022709,-0.9297316980750022,1.2441977676912432,-0.4513736220034862,0.4084654310364288,-0.6866812870885833,-1.137013958506081,1.1862297948472549,1.152253975250129,-0.5709242840494526,-1.173718419382709,2.173931034076976,1,train
GSM1447537,-1.4491375110823588,-1.2980506824106324,-0.9022714823475896,-1.136658187113965,-0.7935566984295889,-0.5167158826785834,-1.6537545313370328,0.4424402985115874,0.369244670967405,-1.0883287929935683,-0.2740424440129382,-0.6951385169013733,-1.3613343844506094,-1.067597970384234,-0.3231087714473252,0.2518280580117442,0.2973813594596507,-0.1389390333876266,-0.6887034876207148,-1.4976495911553576,0.0769301962539451,-0.3887413159143194,-0.9297316980750022,0.8729119072866359,-0.4526173697988614,-0.6976545586724667,0.5255192801238826,-1.8123900492734084,0.6954621413338866,0.6472227352659448,-1.221869079118525,-1.0052930683201666,0.6908354389431142,1,train
GSM1447538,-0.9040844665074556,-1.2422452103782995,-1.8263294770496343,-1.136658187113965,-1.8082966621463152,-0.3954480173385823,-1.0393188124740886,0.318181525957392,-0.7262913665889084,-1.4227339092299176,-1.0668564881607816,-1.7540644198919515,0.287738345864897,-1.0888998441991664,-0.632731390479544,-1.1737191935094322,-0.3342148512855405,1.3482368136429013,-0.2630956914331446,-1.5732596964972012,0.7710667061993162,-1.7499882292519764,-0.6792394012584421,-0.0114235056770761,-0.258592713720377,0.5739797360658633,-2.766294835030925,-1.98885928589326,1.0532475919597617,0.6542370580435044,-1.2184963081596167,-1.1925936742431664,1.740645705768884,1,train
GSM1447540,-1.3073539898922983,-1.2980506824106324,0.7969120830019593,-1.136658187113965,-0.2837395944722305,-1.2277865476267742,-0.1507502344261367,-0.3970640916716317,-0.0812716661763897,0.8056338160042332,1.076977406728792,0.5748155151034122,-0.0668550132443964,0.9280002992782512,0.8752866892673025,-2.021504966371762,1.5869481282119209,1.0418478103506286,1.3086837977432872,0.190075974510806,0.7710667061993162,0.5062221243463493,-0.000540678127085,0.569132566955587,-3.1739375460791663,-1.5736692950477629,0.1335502344384112,0.3335630133260024,0.4532445575030958,-0.6597794089523901,-1.1392361906253012,0.6789604423052683,1.0210484865083114,1,train
GSM1447541,-1.4491375110823588,-0.3225710312854404,-0.0492948718533926,-1.136658187113965,-1.351500537000522,-1.4721596702058677,-0.6399355952131756,0.318181525957392,-0.4453420640896397,-1.8501126452270469,-0.6650561732695272,-1.0547380192574232,0.2293514875376638,-0.7122439844715064,1.57249445730388,-0.6291450582722417,0.761014621852824,0.4724399366522041,-0.6213980686887283,-1.7352813508011529,0.2325125174485964,0.7092810561702002,-0.9297316980750022,0.8729119072866359,-0.8518604121142087,0.0976214923226163,0.3295347572811469,-0.9431156614793312,-1.3879257039035098,0.8179045895198614,-0.5422557308987436,-1.086601858488291,0.8034514493844243,1,train
GSM1447542,0.4730751450517338,3.348312919001469,-0.3155679936478774,-1.136658187113965,1.017313654826948,-1.6724353872067803,-1.344173457602242,2.230554342584161,-0.2641380760871547,-2.743859054540341,1.213158050366432,-2.545183325075261,-1.3613343844506094,-2.716556657058282,-0.0001211472770248,-0.2474906089231858,-1.886136969116584,0.2541902356768868,-1.7279783387764147,-1.7352813508011529,0.4616117596473164,1.3711027598923775,-0.9297316980750022,0.2653532266245462,-0.1839678459978813,1.3369603129088623,0.0573340311106806,-1.7448524401966774,0.0368836127482045,0.5653889695277663,-0.8154501785702184,-1.1969495022878878,0.9332461732828832,1,train
GSM1447543,-1.2411108693362871,-0.377260393877127,-0.8819625154310614,0.7265956726337409,-1.1883590637341674,-0.8658203435058608,-0.1223916627863091,1.1546552143710005,-0.257488388454036,-0.0746164226986232,-1.434948722943707,-1.0935369129326815,-1.2189274129207728,-1.581747742917364,0.3340039811750087,-0.0317728766824147,-0.2856305273820648,-1.426052654524114,-0.9985063718223642,-1.6488698018390455,0.5915486432824092,0.7092810561702002,-0.699549587486811,1.2441977676912432,-0.7249981369859673,0.0976214923226163,-0.6830519440729809,-0.3875643610094327,0.2363569170794451,0.8179045895198614,-0.4258951328164485,-0.1820415678679072,0.5858544122605371,1,train
GSM1447544,0.2638863432959078,0.1863748736494435,-1.3716342733073583,-1.136658187113965,-1.0921055945070184,-1.3104691830858652,0.8559790587877631,0.7152034577768951,-0.7262913665889084,-1.1962981578770535,-0.538313792062219,-0.1055845959334284,-0.1551473355928944,-0.5873375425566786,-0.1204061935197571,-0.4737679504344842,1.012264982610802,1.4014002023420182,-0.4323490243356419,-1.0237362523162992,2.226017863744915,0.2956424913438431,-0.9297316980750022,0.8729119072866359,0.2065689617498403,-0.2172593806602051,-0.1350211487164458,-1.2132660977862637,1.0532475919597617,0.1538820332443545,-1.6232288232284706,-1.5279924336866793,0.2670938403334378,1,train
GSM1447545,-0.3811124621178892,-0.4844069001792077,-1.2463956439887662,-1.136658187113965,-0.7519556227466692,-1.229623939525864,0.5534876279629296,0.4454710002812032,-1.0238648881709729,-0.4645057958889874,-0.6151682147092041,-0.599560754433055,-1.3613343844506094,-0.8836272419825495,0.4342415197106184,0.4645287590323653,1.0108768590707025,0.0527289732381315,-1.0885768589225275,-0.1083139054989719,1.492558349541551,1.3748631104817055,-0.9297316980750022,0.8729119072866359,0.5796933003623141,-0.2212963149292198,0.6706930007481253,-0.5749267603835961,1.6975780273789278,0.5724032923053259,-0.6164566919946998,-1.131612081617074,0.459877180241443,1,train
GSM1447546,-1.4491375110823588,-1.2980506824106324,0.1763603161080348,-1.136658187113965,-0.4069114067883289,-0.8676577354049522,1.1608337039159182,0.315150824187781,-0.8975208231417144,1.460947877866499,0.5093333377045719,-0.2153570756000129,0.9841084366457968,-0.0315522893852735,1.93112209517573,-0.7996073222107537,1.3468027557747384,0.3227430263678521,0.9553303483503464,0.2656860798526497,1.6259146248512522,1.1342006727645528,-0.9297316980750022,0.569132566955587,-1.3854282163300442,0.8767498062416519,0.1299208914228087,1.6363852787416877,1.0864931426816362,0.9862483361812548,-0.6383797032275954,0.6775084996236926,0.1468428461333962,1,train
GSM1447547,-1.189975828907085,-0.7701309169847563,-1.2317280567712727,-1.136658187113965,-0.569237172688352,-1.146941304066773,0.5180394134131446,0.5697297728353986,-0.7296162104054653,0.1443214560928866,-0.0299959440286538,-0.0573225574593284,0.1965978840858013,0.1340213661762432,1.1403592911725835,-0.5884151368002076,0.924813199584545,1.2041360495374047,0.5673344039188883,-1.3167254105159445,2.155920334415454,0.7055207055808725,-0.6521591529539488,1.2441977676912432,-1.233690985294306,0.0855106895155834,-0.9733993853214752,-0.1130566596007785,0.6400528901307644,0.6472227352659448,-1.063348844049891,-0.0833094655208986,0.7710027684098091,1,train
GSM1447548,-1.4491375110823588,-1.2980506824106324,-1.5487735958570787,-1.136658187113965,-2.258567128361454,-1.7257197522804164,0.6172944141525422,1.7577648665242966,-1.4577570062319685,-1.5097092309416138,-1.9014685516429488,-2.545183325075261,-1.3613343844506094,-3.885254915904773,-0.3542937834361827,-3.30525175054586,-0.0899051082280611,0.715872295432367,-1.948700521450434,-1.7352813508011529,1.2429427572951848,1.6004841458415413,-0.9297316980750022,-0.315202846008125,-1.7884025020315162,0.7152724354812321,-0.0696929744355339,-0.7230737738422348,-0.1372597481758935,1.2317496333957905,-1.0228755925430062,-1.4873380386026176,1.7101057707339529,1,train
GSM1447549,-1.4491375110823588,-1.2980506824106324,-0.8176507868620536,-1.136658187113965,-2.258567128361454,-1.475834454004049,-1.195290956493143,0.315150824187781,0.3044102165444996,-3.660099081537693,-0.2160645462266169,-0.2901159195108755,-1.3613343844506094,-0.4595262996670863,-0.6705989050374406,-3.30525175054586,-0.1273844438107415,0.8963480097004171,-0.3195134690673091,0.9124225166159236,0.7095176560563773,0.5024617737570216,-0.9297316980750022,0.2653532266245462,-0.9526039835395756,0.7112355012122173,0.322276071249933,-1.3744849065500773,-3.12302682729271,0.6472227352659448,-0.984088726515574,-0.5435752955797454,0.7156491361589962,1,train
GSM1447550,-1.4491375110823588,-1.2980506824106324,-1.9639791417061057,-0.3869070817587686,-0.4175156025506421,-1.200225669140409,-0.8857098827583538,1.5910762691954945,-0.0845965099929467,0.3242703975653627,0.192477384686302,-0.6213259874703959,-0.2875858191156422,-1.2302668249709872,-0.7017839170262963,-0.7241815417069863,-1.602959766936322,-0.2270783357045834,0.2753476600227619,-1.7352813508011529,-0.6582390137867224,-1.1107286290657836,2.203114527651036,-0.315202846008125,-0.2349615056082529,0.0855106895155834,-0.9189592400873796,-0.9779737822931291,0.138203386376771,1.1499158676576118,-0.4781730826795073,-0.1849454532310539,1.4027976744449553,1,train
GSM1447551,-1.4154348707994755,-1.2980506824106324,0.1176899672380626,-0.6104975449284936,-0.6548864461531879,-0.4579193419076733,-0.0065941619236772,-0.1697614589505468,-1.2566039553301258,0.4202431663506829,0.7816946249798509,0.7725952413992403,0.2136867206693818,0.6336471338355552,0.5990765830802882,-1.4633541906438945,2.436479734752708,1.309063790390922,0.8484335065171928,-0.0232525369893975,2.4226328850348584,0.7055207055808725,-0.0885514851166874,1.2441977676912432,-1.8791960910938832,0.2469880602760089,-0.4580326771053961,-0.5466045372223863,1.868555145377132,0.6472227352659448,-1.1830822130910927,-0.1079924911076507,0.4579684343017623,1,train
GSM1447552,-0.0278158191524946,-0.4219047715029945,-1.947055002608998,-1.136658187113965,-0.8767588497954304,-1.4225500889304128,-0.5832184519335185,3.500418384052648,-1.6971457610242433,-2.0105671180400035,-0.9724738638574664,-2.545183325075261,-1.3613343844506094,-2.0484524328626903,-1.3076641499526518,-0.6578068548636727,0.2612901474170684,2.1512837903084927,-1.581490074042087,-0.6254330188190838,0.030768408646739,-0.629403753631472,-0.9297316980750022,-0.3084521940007603,-0.9128040540875788,0.8807867405106666,-0.3890751598088773,-1.8777490257992795,2.1883456808922945,0.2894922736104789,-1.6400926780230054,-2.156683614808069,3.9624259795601513,1,train
GSM1447553,0.6799396267880508,1.1841767135875692,-0.7240038838580609,-1.136658187113965,0.2334188757821129,-2.434953025329516,1.822533708845244,-0.5182921624562161,-1.4112091928001376,1.015574247722123,-3.5841759106506137,-0.6799974852232247,-1.3613343844506094,0.4235331966609998,1.3853843853707424,-3.30525175054586,1.3884464619777184,0.6864925279933822,1.131512180260552,-1.7352813508011529,1.6259146248512522,2.025403762435894,-0.9297316980750022,0.2653532266245462,-1.6441277577680258,1.3450341814468807,1.0227392732619225,-0.0171968273628343,0.2506050102459626,1.2317496333957905,-1.1813958276116383,0.102539197720529,2.0536800398769306,1,train
GSM1447554,0.022157061266953,-1.2980506824106324,0.3602692942965968,-1.136658187113965,-2.258567128361454,-3.8626065309231694,1.0592154888731993,2.082049955873049,-1.4095467708918576,-2.6043986248991726,1.7322624840346617,-2.545183325075261,-1.3613343844506094,-3.885254915904773,-0.0558086686856987,-0.8795586495447454,1.520318198287154,-0.3613858439970843,-1.9477107358779069,-1.1060972599208074,1.374589336767583,1.3748631104817055,-0.9297316980750022,0.569132566955587,-0.3543612939642451,1.1997045477624972,-1.0750209897584455,-0.8058618107750041,-0.5837000007267638,1.7110616898622633,-0.7884680108989619,-1.915661129666844,-0.3799710332191728,1,train
GSM1447555,-1.4491375110823588,-0.9397795519630504,-1.859049479304042,-1.136658187113965,-2.258567128361454,-0.4928297879904007,-0.0609480909000162,-0.0424719846267356,-2.210834130682665,-2.090044567190348,-0.6879776677431908,-0.4396336073326018,-0.6507235965167253,-0.8400552273610987,-0.3186537697346313,-0.7558603695185696,0.5805585616399126,1.1090015644968805,-0.4976748721225735,-1.7352813508011529,0.1795119464921765,0.5062221243463493,-0.9297316980750022,1.2441977676912432,-1.0831975020539415,2.519782053728953,-1.902511197316654,-2.8341687156278503,0.4358302214106858,2.223107252624005,-1.387134856104972,-1.6731867018440452,-0.6204730216192578,1,train
GSM1447556,-1.4491375110823588,-1.2980506824106324,-2.3757998597357104,-0.8474366924665602,-1.4567267872573206,0.0179651599568774,0.8559790587877631,0.4485017020508191,-0.1976411997559677,1.0305699928448282,-2.07809889141058,-1.1872220464412322,-1.3613343844506094,-1.1779804074252445,1.4232518999286372,0.8673024269224756,-1.2892438468738756,-2.0108499302143885,-0.5620109343369722,-1.7352813508011529,0.5265802014648647,0.5062221243463493,-0.9297316980750022,-0.0114235056770761,2.1157218276503285,1.8294662937281516,-1.5686116398808874,-0.1697011059231997,1.4363629859927791,1.0797726398820315,-1.8306542372012569,0.0778561721337745,1.2672767127274456,1,train
GSM1447558,-1.223678469189968,-1.2980506824106324,0.8725065709690383,0.4440485201705068,0.3835090311871598,-1.4427613998204127,0.730728700711856,2.057804341716132,2.226169942515815,2.3322006694957325,-0.0016811567376593,-1.9045284221935623,-1.3613343844506094,0.4002947888628926,2.1204596679652146,-1.979266529289653,2.6113833008052216,0.8221990728305979,-0.3789006034190652,2.0263213899555894,0.9847786858623008,1.803543077665392,0.5004439155060361,-0.3287041500228302,-2.9438442039348063,-0.4191060941107383,3.066059391048206,2.2115442721693475,0.1097072000437367,-3.4210844757177763,-0.4208359763780877,1.104379648006347,0.127755386736565,1,train
GSM1447559,-0.7344091050832853,1.8560745968568668,-0.6461528440113687,-1.136658187113965,-0.6744634229451506,-1.0403725739194996,1.1655601325225555,1.7607955682939125,-1.308139034486797,-0.5829721823583679,-0.4749426014585655,-1.1370673790073615,-1.3613343844506094,-1.213806286113994,0.4364690205669653,-0.4813105284848607,0.5180930023354426,-0.1809101297290341,-1.62899978152349,-1.7352813508011529,0.7710667061993162,1.1379610233538868,-0.9297316980750022,0.8729119072866359,-1.605571576111403,0.5739797360658633,-1.0205808445243545,0.3945647247501503,0.5751449101499647,0.4251025139766014,0.3279191764992906,-1.151939279159105,0.1945614946254777,1,train
GSM1447560,-0.6309768642151269,-1.2980506824106324,0.1289727266361348,-1.136658187113965,-0.4248569688476273,-0.5295776259722212,0.3171661976310282,-0.1637000554113152,1.094060622977348,-0.0746164226986232,0.215398879159963,-0.2200886479994346,-1.3613343844506094,-0.3520486636008394,0.9777517286592592,-1.8284149682821211,1.5425281749287434,0.3115507340101441,-0.3729618899838895,0.0780109969505723,-1.4686348406687588,0.7092810561702002,-0.9297316980750022,0.2721038786319109,-1.8592961263678849,0.2550619288140271,-0.2584188112470579,-0.1392002502111266,1.1767310660695776,1.1545920828426524,1.0648696310204933,-0.3432072055225815,-0.078389174749224,1,train
GSM1447561,-0.46478798282022,-1.2980506824106324,-2.1772232943296546,-0.2189361367904682,-0.7633755258753138,-0.1529122866585802,0.7543608437450477,0.5757911763746303,-0.257488388454036,-0.6159628216283196,-0.985957095900798,-1.573318354234043,-1.3613343844506094,-1.1934726792906496,1.0757617663385235,-0.4813105284848607,0.4792255432126615,1.3664242887241782,-1.1766677748776286,-1.7352813508011529,-0.654819622112113,1.1379610233538868,-0.9297316980750022,0.2721038786319109,0.5436246142964422,1.667988922967726,-1.5178008376623988,-1.4442011481776733,0.9060172959057516,2.1412734868858267,-0.231960802679289,-1.4249045032949506,1.183291891381384,1,train
GSM1447562,0.7264260271782339,-0.1518062868664992,-0.3042852342498062,-1.136658187113965,-1.3017423876542842,-0.8823568705976796,0.8228940585412997,1.439541180714771,0.1132316970923342,0.4442363585470129,-1.2178686870460846,-0.3289148131861339,-0.5182851129939775,-0.6464018290435354,-0.352066282579834,0.1371808716460215,0.1419115229685275,-1.7128551461903965,-1.042056937013652,-1.7352813508011529,-0.3539131547466322,0.2956424913438431,-0.9297316980750022,0.8729119072866359,0.1481128153672194,1.3490711157158954,-0.2584188112470579,-0.2917045287714903,-0.8860762001495172,1.4725747154252855,0.5269126630748093,-0.7410395002737613,0.0361355816317702,1,train
GSM1447563,-1.123732708351073,-1.2980506824106324,-0.032370732756287,-1.136658187113965,-1.149205110150243,-0.2723427600994899,0.151741196398695,-0.1637000554113152,-0.8941959793251544,0.3902516761052692,0.0778699123179918,0.9817307414536796,0.9983491337987804,0.5252012307777204,0.3028189691861512,-0.2746438899045418,0.5805585616399126,0.0667193386852678,0.6257317526981114,-0.8171586430787603,0.4069014928535925,-1.103207927887122,-0.2916533474003854,-1.7193384635382905,-1.4028406854652933,1.038227177002083,-1.4597313494127009,-0.5400686395697981,1.5139359376771508,0.3549592862010229,-0.4005993506246445,-0.157358542281155,0.6431167904510325,1,train
GSM1447564,1.1052901903582295,0.5669681929099593,-2.9421943815188936,-1.136658187113965,-1.185096234268841,-0.5112037069813092,1.4727779919540287,0.8515850374095488,-1.1967567666320575,-0.6699475040700633,-1.474050095869367,-2.545183325075261,-1.3613343844506094,-1.7366704615714132,-0.1872312192101642,0.5837014922283167,0.3598469187641206,0.573170567871581,-2.141708708093637,-0.6902416805406648,0.6582267809372628,1.1379610233538868,-0.9297316980750022,0.2721038786319109,1.0249550111065309,1.038227177002083,-1.7900015638328628,-1.2372310558457502,-0.1594234486571421,1.795233563192959,-0.567551513090546,-1.1722664767011346,0.8874362707304859,1,train
GSM1447566,0.7380476272757803,-0.0245698106327781,-1.3253749597752655,-0.7762437091687375,-1.351500537000522,-0.3752367064485824,0.217911196891629,1.2940674957732747,-1.6023877122523014,-0.9563662359137524,-0.95224901579247,-0.9061666459155814,-0.4029354660548095,-1.2351081599289255,-1.336621661085161,-1.9098748112261892,1.860408465611488,-0.6146114585902416,-1.3201866828943696,-0.4755629885879289,1.374589336767583,-0.3849809653249917,-0.762172661690952,0.569132566955587,-1.5695028900455312,1.1997045477624972,-0.4507739910741845,-1.7121729519337427,1.960376190228022,1.4725747154252855,-1.31462028048847,-1.3000374326796165,0.2670938403334378,1,train
GSM1447568,0.3440753839689752,-0.622804470819395,-0.2049969515467778,-0.3768955684825124,-0.4436182382732585,-1.0403725739194996,0.0902976245124022,0.5757911763746303,0.1132316970923342,-0.4705040939380696,-0.6353930627742004,-0.0809804194564362,1.2276243579618165,-0.3617313335167172,-0.1204061935197571,-0.4888531065352372,1.3051590495717598,-0.3921646479807839,-0.7471008363999415,-0.3864510787207553,-0.9933393978982809,0.5062221243463493,-0.4625974148224978,-0.3084521940007603,-0.7685293098240885,0.7193093697502412,0.0028938858765918,-0.6642506949689537,0.2363569170794451,0.3549592862010229,0.476321098691203,-0.9806100427334132,-0.1222903313619373,1,train
GSM1447569,0.5242101854809355,-0.8471424683893767,0.4979189589530693,-0.5126071928939867,-0.7201430354597297,-0.5314150178713108,-0.3350809500850205,0.0726946826186171,1.0923982010690696,0.4427367840347416,0.0657350034789938,1.3564712754878792,-0.5809441804671055,0.2327845993182001,1.3853843853707424,-1.2883663798751572,0.3584587952240212,-0.0689872061519478,0.4059993555966215,0.4763142304477865,-1.3746015696170426,0.912339987994051,-0.9297316980750022,0.2653532266245462,-1.25234720222493,0.7152724354812321,0.6706930007481253,0.7104664446251892,-0.0343568530843815,1.152253975250129,1.4712885315687996,0.8677129909098416,-0.4639558545652344,1,train
GSM1447571,-1.4491375110823588,-0.8482585778300229,0.1086637597196057,-0.7784684898967938,-2.258567128361454,-0.7978368432394973,0.581846199602759,-0.5213228642258271,-0.3888197192081316,0.6556763647771708,-1.6520287588413307,1.10191268039899,1.0410712252577323,0.4506446724254585,1.1403592911725835,-0.0257388142421147,0.9026032229429556,0.7872231592127592,0.2753476600227619,0.6072817343434818,-0.1231042167106095,-0.3887413159143194,-0.4253620734038189,0.5623819149482385,0.3682561751485796,0.4044284967674196,-0.5741716536047944,0.0699484746716598,0.5909761247794277,0.1492058180593161,0.3228600200609298,-0.0586264399341465,1.484873749851331,1,train
GSM1447573,-0.9308141467318112,-1.2667996180725256,-2.265228817634611,-0.2022502813300402,-1.0195076389034907,-0.8474464245149522,-1.013323455137579,1.1546552143710005,-0.614909098734169,-0.298053025026947,-0.958990631814136,-1.5695330963145055,-0.8401248686514078,-1.6582408352528009,-0.4745788296789133,-1.033427241772427,-0.1426538027518337,1.6672171458375968,-1.042056937013652,-1.4827976061774952,-0.9574357853148978,0.912339987994051,-0.9212691204798484,0.569132566955587,-1.9824271581100017,1.1997045477624972,-0.5088434793238824,-1.5422396129664775,0.1334540219879316,1.2340877409883075,0.1322984608826785,-1.2782582924560124,0.7480978171336113,1,train
GSM1447574,-1.0807327879901534,-1.2891218068854595,0.178616867987649,-0.9875978783341484,-0.8457619698748224,-0.2117088274294902,-0.4697841653742064,-0.5152614606866003,0.1764037296069642,0.5776984901390971,0.1749491830299719,1.1274631713558685,0.021437309104103,0.3431670363592116,1.5323994418896365,-1.6700208292242122,0.7013253096285542,1.275486913317797,0.3179084396415204,0.2616355384950505,-0.84801525172745,-0.3849809653249917,-0.547223190774038,-0.6122315343318012,-1.876708595503134,-0.3746998171516159,0.1988784087193186,0.3640638690380772,0.2363569170794451,0.1538820332443545,1.749542135678637,-0.2052726507730859,0.3892535804731654,1,train
GSM1447575,-1.4491375110823588,-1.2154585838027787,-1.0929501161749953,-1.136658187113965,-1.8140066137106376,-1.740418887473144,1.0214040600200964,1.4365104789451504,-1.4577570062319685,-0.176587489533027,-0.8700013003281541,-2.4268940150897182,-1.3613343844506094,-1.066629703392647,0.1357564049601362,0.0164996228399958,0.903991346483055,-0.1249486679404916,-1.864568747785448,-0.4094041464138154,0.887326023135979,1.3748631104817055,-0.8383358600473384,1.2441977676912432,0.0871691733938492,0.4084654310364288,-0.2003493229973577,-0.7797182201646576,0.6701321979267456,1.313583399133969,0.6044863951296737,-1.3014893753611911,0.3873448345334829,1,train
GSM1447576,-0.647247104351691,-1.2143424743621325,-0.8153942349824395,-1.0409926158075151,-0.7674540627069724,-0.7941620594413146,1.092300489119668,0.1969534551728124,-1.8783497490267296,-1.2772751815396677,0.0023638128753391,-0.3800157950998878,-0.5282536010010662,0.0187975941772932,-0.5703613665018291,-0.6004832616808107,1.5425281749287434,0.8208000362858844,-0.2096472705165642,0.0078016134188603,2.3576644432173115,1.6042444964308689,-0.5116803648743911,-0.3084521940007603,-0.9501164879488262,0.4125023653054379,-0.2584188112470579,-0.9169720708689848,1.6595831122682154,0.7360708237816829,-1.257283174187049,-1.0023891829570175,0.9943260433527452,1,train
GSM1447577,-1.1597596686534652,-1.206529708277606,-0.1745335011719846,-1.136658187113965,-0.3139207670265064,-0.7206663834776771,-0.932974168824732,-0.166730757180931,-0.6165715206424475,-0.7719185709044656,-0.0475241456849839,0.0921951303623987,-0.2548322156637804,-0.4072398821213446,-0.3832512945686914,-0.3455441235780812,1.884006565793176,1.1565688070171432,-0.0344552241788913,-0.1299167927394983,1.0582956068663696,0.912339987994051,0.0807000667863946,-0.0181741576844327,-2.019739591971249,0.0935845580536072,0.7360211750290395,-1.7404951750949524,1.4347798645298322,1.075096424696991,-0.0903044224051915,-0.784597780720972,-0.4849520599017498,1,train
GSM1447578,-1.4491375110823588,-1.2980506824106324,-1.681910156754321,-1.0643528134521136,-2.1264225350157067,-1.6081266707385964,2.50550264250444,0.7152034577768951,-2.2856431165552538,-0.962364533962836,-1.6385455267980016,-2.517740205158615,-1.193294158045402,-1.8209096898395536,4.621943129642776,-0.3364930299176297,0.3598469187641206,-0.4425299635904737,-2.3733185320654786,-0.6159817556513536,4.269104389323044,3.661156268794684,-0.9297316980750022,5.281087668090475,-0.871760376840207,-0.0638558784378034,-0.5669129675735827,-1.0825481447345215,-0.0406893389361664,0.7360708237816829,-0.279179596103987,-1.5279924336866793,0.3396261860414014,1,train
GSM1447580,-0.9389492668000928,-1.2980506824106324,-1.1031045996332594,-1.136658187113965,-1.351500537000522,-0.2539688411085796,1.9666897813477036,0.8515850374095488,-1.786916544071348,-1.3402573110550338,-1.2057337782070865,-1.7881317411677884,-1.3613343844506094,-1.2418860288700415,0.3696439948765583,-0.4586827943337311,1.0969405185568613,-0.1809101297290341,-2.141708708093637,-1.2775701773924892,0.7710667061993162,1.818584480022709,-0.9297316980750022,0.569132566955587,-1.7510900681702677,1.3490711157158954,-0.966140699290259,-1.317840460227658,0.9471784539423564,1.881743544116178,-0.6586163289810386,-1.3000374326796165,1.0764021187591244,1,train
GSM1447581,-0.5019771031323677,-0.6786099428517289,-0.966583210916595,-1.136658187113965,-0.5896298568466461,-0.2117088274294902,1.5436744210535986,1.1546552143710005,-2.1709360048839543,-0.8528955945670804,-2.140121758809901,-1.832608521722352,-1.3613343844506094,-2.034896694980461,0.2694064563409486,-1.134497787647474,0.8859457404617639,1.2572994382365188,-2.0654952190088856,-0.9548770492371196,2.2944056972370674,0.912339987994051,-0.6877019788535959,0.2721038786319109,-1.80457122337139,2.334083077354473,-0.5088434793238824,-0.7492173644525829,1.2558871392168949,2.311955341139741,-0.8525506591181965,-1.4858860959210445,2.6053076164453817,1,train
GSM1447582,-1.4491375110823588,-1.2980506824106324,-0.821035614681475,-1.136658187113965,-0.7796896732019492,-1.7091832251885974,1.0592154888731993,0.7152034577768951,0.4390663911151521,-1.0343441105518247,-0.731124010281848,-0.8758845825592831,-1.3613343844506094,-0.1274107215524659,-0.632731390479544,0.8446746927713469,0.6013804147414026,-0.6341979702162318,-0.3729618899838895,-1.7352813508011529,0.2889324800796243,1.1379610233538868,-0.9297316980750022,1.2441977676912432,-0.6802232163524708,-0.0638558784378034,0.7396505180446442,-1.6882079938742562,0.1081240785807898,0.8179045895198614,1.0648696310204933,-1.7951498870962317,-1.7924430285847552,1,train
GSM1447586,0.2801565834324714,0.0256551141963214,-0.0921693575660641,-1.136658187113965,-0.5145847791441226,-1.3931518185449578,0.4849544131666777,-0.2758360208870521,-0.257488388454036,-0.2800581308797005,-0.1270752147406351,0.4934324698333591,0.4828358968607728,0.397389987888129,0.6369440976381848,0.1281297779855685,1.139972348299939,0.1422673120998006,0.1882465296401901,0.3358954633843624,-0.3539131547466322,0.5062221243463493,-0.3695090612758021,1.2441977676912432,0.1481128153672194,0.0976214923226163,0.0028938858765918,-0.8341840339362154,0.6242216755013014,0.1538820332443545,1.0648696310204933,-0.5856816333453804,-0.5212182327557299,1,train
GSM1447588,-1.3747592704580645,-1.2980506824106324,-1.341170822932566,-1.136658187113965,-1.1353380849226025,-1.1800143582504108,-0.0018677333170396,-0.1637000554113152,-1.1385719998422694,-0.4465109017417396,-0.8902261483931491,-2.355920429098393,-0.8600618446655852,-0.150649129350574,-1.223019117411469,-1.2144491149814656,2.4989452940571777,2.5430140228282943,-0.7471008363999415,-1.0574907636296218,0.8890357189732844,0.0888232089306644,0.5038289465440983,0.8729119072866359,-1.46005308405254,-0.5361771879120414,-1.401661861163003,-2.213258438632081,1.4616929293999203,0.497583849344705,0.1812036397868323,-1.6093012238548037,1.320721599038576,1,train
GSM1447590,0.5683722658516099,0.6439797443145796,0.054506514608863,-0.9152925046722974,-0.7519556227466692,-0.8492838164140418,-0.8313559537820149,-0.9880509367464648,0.4374039692068736,0.0873376246266034,-0.144603416396964,0.9921402007324064,1.7673467800598983,0.2589278080910719,0.2025814306505415,1.343993359706277,0.9692331528677238,0.6277329931154114,0.0823394733795622,0.6585885915397328,-0.535140913500842,-0.3887413159143194,-0.9297316980750022,0.2653532266245462,1.9229409193672184,-1.1255695911875934,-0.2003493229973577,-0.5422472721206614,-0.4285540973580218,0.0814006978762528,0.5522084452666133,-0.2531867592650156,1.1813831454416996,1,train
GSM1447591,-0.7611387853076409,-0.0468919994457119,-0.4893224883781764,-1.136658187113965,-0.8726803129637717,-2.021539848034056,0.3171661976310282,0.7152034577768951,-0.5583867538526577,-0.0836138697722479,-0.4911224799105633,-0.924146621033384,0.0954889342996175,-0.3200958528784423,-0.4745788296789133,0.2548450892318957,0.2807238769784589,0.4178775114083751,-0.7471008363999415,-0.1447687777173606,1.060005302703671,-0.629403753631472,-0.9297316980750022,0.2721038786319109,-0.152874151113508,-0.6895806901344486,-0.5669129675735827,-0.5400686395697981,0.8648561378691468,-3.7156860323752174,0.7596338592393994,-0.6089127162505591,1.29399915588301,1,train
GSM1447592,-0.2323559808693029,-1.2980506824106324,-0.2602824725973287,-1.136658187113965,-0.5455816590647306,-1.0752830200022268,0.286444411687881,0.4485017020508191,-0.5583867538526577,-0.1840853620943804,-0.0906704882236424,-0.9686234015879494,-0.2121101242048292,-0.7025613145556285,-0.663916402468398,0.2654046985024229,0.3598469187641206,0.0401376443357114,-0.6867239164756562,0.0253539593017881,0.7129370477309868,0.2956424913438431,-0.9297316980750022,0.2721038786319109,-0.4264986660959892,-1.1174957226495696,-0.5669129675735827,-0.6925729181301634,0.8648561378691468,-4.059387848475566,-0.1594462270627853,-0.5188922699929944,1.3798927231687557,1,train
GSM1447593,-1.4491375110823588,-1.2980506824106324,0.1481534176128558,-1.136658187113965,-0.6826204966084687,-0.4340332472194924,0.7898090582948327,0.5757911763746303,-0.8941959793251544,-0.702938143340018,-0.0556140849109821,0.2578001643421579,-1.3613343844506094,-0.7296727903200863,1.5323994418896365,-0.6291450582722417,1.6605186758371848,0.8837566807979956,-0.3185236834947799,-0.2892380861383852,0.4069014928535925,1.6042444964308689,-0.9297316980750022,0.8729119072866359,-0.127999195206011,0.2550619288140271,-0.8536310658064701,-0.1697011059231997,1.2321403172727006,-0.4329829724780083,-0.5928472952823484,-0.7831458380393974,-0.6987316051462686,1,train
GSM1447595,-1.4491375110823588,-1.2980506824106324,-0.0504231477932008,-1.136658187113965,-0.2600840808486092,-0.8676577354049522,0.0879344102090843,0.315150824187781,-1.0820496549607612,-0.0761159972108945,-0.443931167758905,0.7158163726061793,0.5113172911667399,0.1214338952856017,0.7750491507316928,0.1356723560359457,0.862347640280075,0.4038871459612402,-0.4323490243356419,0.3142925761438347,0.8291963646676496,-1.10696827847645,-0.9297316980750022,0.2653532266245462,-0.4986360382277343,0.7152724354812321,-0.915329897071775,-0.389742993560296,0.6226385540383544,-0.3067251624819607,-0.4984097084329505,-0.5639024931217762,4.706836896036608,1,train
GSM1447694,-0.0758006804484879,0.2259616522257821,-0.022034698276984,-0.0510648079835613,0.4583191610062532,0.0928828887217567,-1.20817550024024,-1.6795141136278204,1.3885332134795332,0.3979954451533213,0.9568774004451064,0.7664628856167107,-0.2384343947630252,0.794216569891543,-1.7731082010757198,0.8441406145724585,-0.6248087614260582,-0.8201751223411112,0.5922245279947852,0.7346010657692391,-1.349069460037086,-1.4754366286766456,-0.0542825769889484,-1.2121661691783965,0.7654432499296101,-1.316962227128203,1.3468780631694135,-0.1329805019033426,-1.599546150480245,-1.5146434647706253,0.8761430241510813,0.4384094262065757,-0.7870850437680752,0,train
GSM1447696,0.9050623677843872,1.2092540694355012,0.7327819054539905,1.1225070260664858,1.2185584264274665,-0.1790511123437003,-1.4019590731124023,-2.237163239236889,1.8872597859634408,1.4297027095955128,1.9869963285555683,1.4317219649754036,0.9876896301088663,1.517512012607641,-1.6951456711035813,0.192461871019921,-0.4443527012131468,-0.4494304379920136,1.3890019138808232,1.5622616831719265,-1.2841010182195391,-2.2162256947747605,0.258832794031752,-1.2121661691783965,1.3189110188714464,-1.4582549265435776,2.181626956758836,1.1262691124950943,-0.6037627502869903,-2.339995444929968,0.5169429170274745,1.5883480300129065,-0.8443474219585724,0,train
GSM1447697,0.1705772416194851,0.294044328105229,0.1212563460785229,0.2848770819530397,0.675297320450505,0.203126402667213,-0.9387690696618732,-1.8946939392704467,1.6312468120883696,0.6799154534601995,1.0081136822097632,1.3474999762656974,0.7114201053409843,1.115681211098697,-1.2630105049722833,0.8335810053019328,-0.7039318032117212,-0.8117809030728296,0.8357117788369776,1.1423555624341846,-1.4721675603229665,-1.6784955605004963,0.6261086616614396,-1.2121661691783965,0.9681741405757214,-0.4328736222148919,1.746105794886099,0.4705007146855287,-0.4549493327700341,-1.2340705536683014,0.7968829066167659,0.7868756697842523,-0.1991912943456441,0,train
GSM1447698,0.2379825221852513,0.4737379480493431,2.3958606407297114,2.134782257332404,2.120730773590407,0.4089142953653981,0.2593805821208694,-1.2188474446464046,1.711043063685794,1.356223558494253,1.602724215320644,1.0550888019814362,0.8637955648779095,1.482654400910479,-0.3809201658589134,0.9195663950762252,0.9382183447257793,-0.4704159861627181,1.3890019138808232,2.5330414285431013,-0.7028044335362226,0.3671351600953231,3.0599459780277507,0.1987201003591337,0.5850998196002489,-0.860788654730013,2.5735960024443054,2.241728978536618,-0.9979599945606322,-0.7290393136841111,0.4916471348356721,1.6885320750414885,-0.8443474219585724,0,train
GSM1447699,0.7237654062626706,1.0585792949482002,1.1479874513030175,1.9212033074389352,1.623964987494358,0.4089142953653981,-1.2318076432734315,-0.9824527066164772,1.6312468120883696,0.7608924771228144,0.4364246435725445,0.824188068889656,0.3340416307869178,0.6944850697579982,-0.4432901898366265,1.9860869313994776,-0.7636211154359911,-1.8862409694128544,0.8357117788369776,2.426377172793,-1.0874859969295965,-0.7835321202398277,0.7581248721458429,-0.8273790047590679,2.1932657190200078,-1.86194835344463,2.671588263865671,1.8844332401951929,-2.1710529986038773,-1.5146434647706253,1.4781826403160014,0.821722294142018,-0.8443474219585724,0,train
GSM1447700,1.6116556537151774,1.5876151698147234,0.1573611761523517,1.140305271890942,0.99016036385457,0.5963282690726712,-1.0852883564676523,-1.6795141136278204,1.6312468120883696,0.8703614165185701,1.3573293921320273,1.108082412854959,0.8438585888637321,1.1302052159725149,-2.020360796130227,1.2695420166136993,-0.2361341701982483,-1.0999824312838262,1.0366382500604132,1.296276134022938,-1.4106185101800277,-2.039489217076235,0.3417660544642619,-1.2121661691783965,1.8064601546584105,-1.5914737574209226,2.00741849200974,0.4051417381596576,-1.0802823106338415,-1.4257953762548872,0.5911438781234323,1.083071976825278,-1.1211155832126374,0,train
GSM1447701,0.1252530012390563,0.6869148512128583,0.1945942821659876,-0.2412835602324318,0.3775641317394075,0.0285741722535743,-1.305067286676321,-0.8642553376015085,0.9629532049599332,0.3665043803956393,0.4795709861112017,0.6396567453122097,0.7441737087928475,0.3749569625340192,-1.746378190799558,1.3826806873693491,-1.4979384681485322,-1.91981784648598,0.8357117788369776,0.3552003586074858,-0.988323638365968,-1.6784955605004963,0.1742070180802109,-1.2121661691783965,1.951978646717276,-1.316962227128203,2.09089338136868,0.6622203791614153,-1.3937403602972187,-1.6081677684714015,0.4663513526438697,0.592315350453382,-0.1552901377329274,0,train
GSM1447702,0.7795490867308905,0.6712893190438051,0.7677584595880133,0.6608650249946666,1.0219729511415088,0.2692725110344868,0.1081348667084526,-0.9824527066164772,1.3885332134795332,1.1057946149450582,0.8665397457547909,0.951940523674042,0.7299330116398626,1.2328415170808231,-0.9199753730948604,0.8984471765351706,-0.2180885641769572,0.3704049772101397,1.0366382500604132,1.7499367660740024,-0.6309972083694606,-1.031715259135642,-0.0779777942553802,-0.8273790047590679,1.2330924209905756,-0.5741663216302607,1.6662602485427616,0.8931554295528232,-0.9061389497097424,-1.5614056166210155,0.5405523137398259,2.097979911245257,-0.8061725031649065,0,train
GSM1447703,0.1357124413268472,0.2594449354451822,0.5770798257606063,0.9812334498348684,1.1842987170415318,0.3115325247135762,-0.5771972812540631,-0.6248298978019603,1.3885332134795332,0.7264022633405899,0.9164277043151152,0.80526177929197,0.5405317395051807,0.9849651672343428,-1.2630105049722833,1.169979986348728,-0.4610101836943386,-1.8540631288844427,0.7060498688356491,1.6918790066150873,-0.9199358048738154,-0.7835321202398277,-0.0542825769889484,-0.4560931443544606,0.7306183116591122,-0.860788654730013,2.4719743980073305,0.4356425938717307,-1.2892543437427595,-1.4257953762548872,0.9233618175757824,0.821722294142018,-0.5122256284536909,0,train
GSM1447704,1.4896288526909451,1.3130522474156423,0.4608674039604712,0.7353951793845751,0.8743299178354575,0.1608663889881201,0.0183327231823287,-1.337044813661373,0.5124368678161402,1.158279722874529,1.3424978368843632,1.0238604241452527,0.6259759224230825,1.3432239541218338,-0.8219653354155976,0.6510506164828177,0.0081755728592323,-0.3347094413255004,1.211830296398088,0.7035469153609819,-0.6309972083694606,-1.8740337911456857,0.6396487858136859,-1.6239559416271436,0.9681741405757214,0.1928511894817531,0.7335190935319669,2.004258030492622,0.0706469929281555,-1.5614056166210155,-0.1913389843430174,1.001763186657152,-0.748910124974411,0,train
GSM1447705,0.6098737253067202,-0.1791860747289603,0.920075711461976,1.2370832335614192,1.1255677866656444,0.6679865531372191,-0.1589083495665959,-1.337044813661373,0.8316218742058393,1.4896856900863389,1.5393530247169906,1.2528685282772625,0.9293027717816346,1.3945421046759876,-1.0937204398899196,1.243897251242419,-0.1459061400917926,-0.9810643249831724,1.2929927133454862,1.028940404421418,-0.77632135454029,-1.2610966450848051,1.4317460487201077,-0.8273790047590679,1.2330924209905756,-1.316962227128203,0.6645615762354569,1.7319289616348277,-0.1525731333472799,-1.283170813111205,0.1206423293558912,1.5883480300129065,-0.884431086691919,0,train
GSM1447706,1.010818928672054,0.6612443340779839,-0.296205751650118,-0.0243674392468776,0.2617336857202964,-0.2396850450137017,-0.0123890627608185,-1.7855886755643258,1.2372528198260833,0.7488958810246487,0.8153034639901341,1.0446793427027083,0.2870473301820717,0.9539806235035324,-1.2630105049722833,0.7596637404082404,-1.2522406015509526,-0.6578868831543357,0.7684063599049892,1.000586614918226,-0.2736707783729519,-0.7835321202398277,-0.8328397157431229,-1.2121661691783965,1.0117053134138438,-0.4328736222148919,1.114600110170617,0.276602417658777,-0.624343329305292,-1.2340705536683014,0.0464413682599334,0.5298818151457162,-0.7679975843712422,0,train
GSM1447707,0.3681444432777654,0.9525488980867668,0.5127680971915997,0.3215859639659796,1.0325771469038223,0.4787351875308511,-0.8395140689224742,-2.1280579755307683,1.4699918869852393,0.9198473754235,0.738449041343149,0.824188068889656,0.4137895348436262,0.9849651672343428,-1.2630105049722833,0.6902720223447768,-0.6414662439072499,-1.6218230624619885,0.8357117788369776,1.4636985101370208,-1.18664835549322,-0.7835321202398277,0.0963513042047942,-0.8273790047590679,0.3152065480038936,-0.2794701199924903,2.4719743980073305,1.1611272333088924,-0.624343329305292,-0.9862311488612469,2.039749004974032,1.1222744292277649,-0.1323851864567296,0,train
GSM1447709,0.4576307640288684,0.6746376473657448,0.112230138560066,-0.5171563705114951,0.4738176009665572,0.1369802942999392,-0.65754656756691,-0.7490886703561557,1.0942845357140287,0.735399710414213,0.8260900496247997,0.5857168199588019,0.7285089419245655,0.6935168027664103,-0.8910178619623516,0.4609776496133284,-0.9024334694459238,-1.7603276803886323,0.7684063599049892,0.3781534263005446,-1.157583526259052,-0.3172486471628393,-0.8328397157431229,-0.4560931443544606,0.4470438143136337,-0.1220296835010795,1.6626309055271502,0.2134220736837692,-1.317750530075794,-1.3837094395895413,0.8491608564798248,0.855116975818214,-0.9226060054855832,0,train
GSM1447710,0.7179546062138975,0.675753756806391,0.7327819054539905,0.4328250003688276,0.9175624082510424,0.4548490928426702,-0.7591647826096289,-0.8642553376015085,1.4699918869852393,1.2017673837303782,1.4328354915746786,1.230156980760039,1.8549480867255703,1.4293997163731484,-1.6416856505512545,0.6103206950107837,-0.1278605340705015,-0.4494304379920136,1.2929927133454862,1.1572075474120456,-1.3798439851085569,-1.4754366286766456,0.830903039464168,-1.6239559416271436,0.9246429677375988,-1.0222660254904328,1.1908163134983525,1.193806721571827,-0.4027063244928034,-1.4257953762548872,0.9233618175757824,1.2834400668824406,-0.7870850437680752,0,train
GSM1447711,-0.5302052442625328,-0.2282948901174142,0.8377115678560544,2.1525805031568592,1.8091305596516705,0.5007838903199442,-0.2156254928462529,-0.7460579685865447,1.4699918869852393,1.9965418752338109,1.8656472401655924,1.075907720538891,1.2511425274390648,1.757642226521417,-1.149407961298592,0.5907099920798049,0.8341090792183292,-0.3766805376669079,1.4860008999886858,2.102333864185096,-0.5557705915280917,-0.7835321202398277,1.9801210768860904,-0.1050592399719071,0.550274881329751,0.1928511894817531,1.4230942664971464,1.8844332401951929,-0.7494099248780549,-1.3322710725541145,0.392150391547912,1.6377140811864106,-1.2280053558348984,0,train
GSM1447712,-1.4297170918125857,1.3454194211943962,0.4179929182477997,1.3316364145038402,0.9681362649636116,0.091045496822667,0.6138627276187223,-0.5187553358654502,1.0277876593828434,1.3127358976384051,1.062046610383086,1.2292106662801547,0.4066691862671338,1.325795148273253,0.0022099814327514,0.688763506734701,-0.5290282371592049,-1.2286937933974744,1.211830296398088,1.4461461642540936,-0.0445715361742319,-0.557911084879992,-0.8328397157431229,-0.1118098919792718,0.8811117948994766,0.5077320624645747,0.8061059538440971,1.420384506861512,-1.525139441721766,-0.836592262940007,0.0953465471640872,1.281988124200866,-1.1230243291523216,0,train
GSM1447713,0.2565770823413246,0.1679239613121547,0.6741115565840204,0.5807729187846159,1.0554169531611115,-0.3425789913627943,-1.5886530030746042,-1.5764702534609212,1.312061805698669,0.621432047481645,2.364526825768827,1.1610760237284825,0.8111049854118703,1.325795148273253,-1.3543380400825051,0.9497367072777326,-0.9024334694459238,-0.571146617382095,1.1326474505957502,0.9114747050510524,-1.0225175551120482,-0.7872924708291554,-0.3707829790477109,-0.4560931443544606,0.9656866449849708,-1.1756695277128344,1.343248720153809,0.0522032649199557,-0.5831821712686872,-0.8880306299754337,-0.0260732073565686,1.0003112439755788,-0.2220962456218402,0,train
GSM1447716,0.6087115652969654,0.8755373466821464,0.709088110718041,0.0401512018667741,0.163848801760483,0.3813534168790327,-2.354334437349966,-2.018952711824647,1.0942845357140287,0.1430677780673155,0.955529077240774,1.0437330282228232,0.8880047500379817,1.0866332013510622,-1.7486056916559063,0.6495421008727434,-0.7358586446340053,-0.6494926638860555,0.7684063599049892,0.7710559379876278,-1.2858107140568444,-1.4754366286766456,-0.8328397157431229,-0.4560931443544606,0.7293745638637381,-0.5782032558992698,1.1109707671550149,-0.507705300651666,-0.6480901512494883,-0.6752628390561672,0.1695475082600434,1.1585729962671063,-0.4740507096600267,0,train
GSM1447717,1.0363864488866552,1.0407215438978534,0.9697198528134902,0.5718737958723878,0.7682879602123268,-0.261733747802793,-0.9151369266286834,-1.7855886755643258,1.4699918869852393,0.8703614165185701,1.0215969142530936,0.215707858324025,0.5946463886865185,0.6664053270019517,-1.1226779510224285,0.8441406145724585,-1.72697885226492,-0.4997957536017028,1.1326474505957502,0.2836407946232401,-1.7713643318511445,-1.2610966450848051,0.4026966131493719,-0.4560931443544606,0.9681741405757214,-1.0222660254904328,1.5827853591838148,1.256987065546835,-0.6180108434535071,-1.0353314083041525,1.5658746852475858,1.001763186657152,-0.283176115691704,0,train
GSM1447718,1.016629728720827,0.4391385553892968,-0.1720953982713325,0.3749807014393466,0.5341799460751082,0.3115325247135762,-1.0380240704012709,-0.8642553376015085,0.9629532049599332,0.7848856693191444,3.057564952796022,1.075907720538891,1.548773097936423,1.0004574390997478,-1.1783654724311006,0.7596637404082404,-1.522924691870321,-0.4494304379920136,1.1326474505957502,0.1648249148003424,-0.5933838999487735,-1.031715259135642,-0.0238172976463938,-0.8273790047590679,1.0117053134138438,-0.5741663216302607,0.8097352968597018,-0.006619813953327,0.0294858348915492,-0.5069190923947737,0.0970329326435413,0.821722294142018,-0.5313130878505221,0,train
GSM1447719,1.023602688779355,1.180235223978687,0.3988122272710788,1.105821170606058,1.0570483678937748,0.2251751054563043,-0.4944847806378983,-1.1036807774010515,0.703615387268304,1.2017673837303782,1.1726091131383964,0.8440606729672282,1.0660134644502777,0.9104086088820807,-1.00684790649239,0.6797124130742495,-0.4110377362507634,-0.9558816671783276,1.0366382500604132,0.8264133365414787,-0.8105152712863676,-0.7835321202398277,-0.1896838185114137,-1.2121661691783965,1.1024989024762095,-0.2794701199924903,0.4540596813302911,-0.1329805019033426,-0.5151079483619944,-0.5606955670227197,-0.0716056153018141,0.962560734254664,-0.6095716713775347,0,train
GSM1447720,0.3472255631021829,-0.2919131282342742,1.6387874851191229,1.7587943142907767,1.7349011893154789,0.0285741722535743,-0.3574183510453944,-0.6248298978019603,1.711043063685794,1.8810746377889729,1.215755455677055,1.1402571051710269,1.9332719210669815,1.4293997163731484,0.2962400944705397,0.3071090573856452,-0.2888828647220224,-0.1192578134396101,1.2929927133454862,0.9384783141017112,-0.9558394174571984,-0.0653051576776911,2.1849154546888188,-0.1050592399719071,1.055236486251965,-1.5914737574209226,0.9621677035151608,2.043473416408143,-0.7414943175633238,-0.8342541553474878,1.8137733507272584,1.8453418846514411,-1.174560469523768,0,train
GSM1447721,1.8103850153832124,1.359928843922802,0.3683487768962867,0.6230437526176985,1.06846827102242,-0.1974250313346089,-0.5228433522777258,-0.9824527066164772,1.3137242276069474,1.5046814352090456,1.0364284695007575,0.8629869625649143,1.4391197298584488,0.8087405747653593,-0.2851376290359976,0.9844325663094644,-0.8857759869647308,-1.393780105673677,0.8357117788369776,0.9519801186270412,-0.77632135454029,-0.7835321202398277,1.0424674793430198,-0.4560931443544606,1.9047162304930287,-0.4328736222148919,0.2435577864251343,1.2896665538097714,-0.5436041346950293,-0.5606955670227197,0.6704039956577492,1.083071976825278,0.3295313309466091,0,train
GSM1447722,0.1554691614926753,-0.4894644992287361,1.228095043029324,0.8032509915903123,1.101912273042023,0.0285741722535743,-0.5228433522777258,-0.2762991942962911,1.711043063685794,1.356223558494253,2.4049765218988197,1.0238604241452527,0.6800905716044203,0.7796925650177258,-0.6348552634824599,0.1653085900385642,-0.9010453459058232,0.2095157745680785,1.211830296398088,1.0437923893992802,-0.8105152712863676,-0.0653051576776911,1.888725238858427,-0.8273790047590679,0.4495313099043842,-1.0222660254904328,0.8859515001874324,1.2896665538097714,-0.4470337254553007,-0.4484664025817894,0.4916471348356721,1.1600249389486788,-0.6305678767140501,0,train
GSM1447723,1.147953809823096,0.6277610508585838,0.3976839513312717,1.3828063712491503,1.5489199097918345,-0.0155232333246081,-1.2365340718800693,-1.221878146416025,1.4683294650769576,1.8285895298595003,1.2009239004293908,1.4430777387340157,1.0774060221726642,1.1437609538547433,-1.1516354621549372,0.8003936618802752,-0.7053199267518193,-0.4620217668944358,1.2929927133454862,0.7386516071268376,-0.668610516790145,-1.0354756097249698,0.4145442217825879,-0.1118098919792718,1.1895612481524545,-1.1756695277128344,1.1109707671550149,1.1240904799442328,0.0279027134286037,-0.7828157883120611,3.554123165523325,1.281988124200866,-1.2680890205682451,0,train
GSM1447724,-1.4297170918125857,-1.2673927793594673,1.2822522881400678,1.6164083476951314,1.8841756373541927,-0.0136858414255168,-0.7071740679366096,0.1964902817635735,1.6312468120883696,0.5569503434540083,0.8409216048724638,1.035216197903865,-1.268036798923742,0.6664053270019517,-0.3809201658589134,0.8984471765351706,-0.1819973521343749,-0.3025316007970887,1.211830296398088,1.1572075474120456,-0.6669008209528423,0.7807737249216803,1.722858717993407,-0.1050592399719071,0.8823555426948518,-0.4328736222148919,3.183325629066141,0.6970784999752117,-0.7414943175633238,-0.3900137127688031,0.6704039956577492,1.4954236983921925,-1.6784693976001377,0,train
GSM1447725,0.2426311622242702,-0.2662426110994013,2.482737888094862,2.1892893851697988,2.1060480409964364,0.6955474316235827,-0.600829424287253,-1.337044813661373,1.3885332134795332,1.7356159100987212,1.9168835219302487,1.4440240532139,1.5402286796446318,1.5901320369767258,-0.0623875434013086,-0.4109443730102074,1.129779393259486,0.6879862728601218,1.4860008999886858,1.6999800893302843,-0.4378015787541223,-1.031715259135642,1.8481048664016877,-0.1050592399719071,-0.6026793249827909,-0.4328736222148919,1.042013249858496,2.2003349600702333,0.6706500273848214,-0.8342541553474878,-0.1205107942059663,2.145894019737187,-0.5122256284536909,0,train
GSM1447726,0.422765963736232,0.2650254826484154,1.7053557655677438,1.488483455831856,1.712061383058189,0.2251751054563043,-1.3759637157758928,-1.6795141136278204,1.711043063685794,1.914065277058926,1.6822752843762954,1.2415127545186513,1.3835810109618123,1.517512012607641,-1.4300730691982984,0.5529971018279223,0.2858002808790966,-0.3123248566100831,1.3890019138808232,0.9492797577219744,-0.8105152712863676,-1.031715259135642,0.4467020166441727,-0.1050592399719071,0.9246429677375988,-0.1179927492320648,1.1908163134983525,1.7319289616348277,0.2083785602044874,-0.0065640675956258,-0.0952150120141639,2.1952600709106926,-0.7679975843712422,0,train
GSM1447727,1.086359329306103,1.2483178998581343,0.6097998280150126,0.0913211586120843,0.8262031832218834,0.291321213823578,-0.8891415692921737,-0.8642553376015085,1.4699918869852393,1.2722473858070986,1.215755455677055,1.075907720538891,0.7370533602163544,0.9539806235035324,-1.4568030794744635,0.4896394462047594,-0.5262519900790074,-0.5403678133983962,1.3890019138808232,1.0910487052379327,-0.848128579707052,-1.2610966450848051,-0.3538578238574026,-0.8273790047590679,1.3599546961188171,0.354328560242173,0.3814728210181697,0.9280135503666213,-0.4691974259365501,-0.2614177951802383,0.5911438781234323,1.4112110228609214,-0.7870850437680752,0,train
GSM1447728,0.9980351685647536,1.292962277484002,0.0874080678843083,0.7565305963011152,0.2992562245715581,0.1810776998781217,-0.9883965700315712,-2.1280579755307683,0.8316218742058393,1.4896856900863389,1.4786784805220032,1.495125035127655,1.534532400783439,1.0876014683426505,-0.9199753730948604,0.801902177490351,-1.1148163710811192,-0.4298439263660241,1.2929927133454862,0.4915685843133114,-0.848128579707052,-1.4754366286766456,-0.8328397157431229,-0.4560931443544606,1.276623593828698,0.354328560242173,-0.2972143229001823,1.0609101359692237,-0.5515197420097613,-0.5069190923947737,0.4157597882602618,1.2834400668824406,0.1386567369782881,0,train
GSM1447729,2.081168297656032,1.9380735341777788,1.43908264377326,0.4673091016537102,1.0570483678937748,0.2472238082453955,-1.4255912161455924,-1.5734395516913102,1.711043063685794,0.8583648204204057,1.449015370026675,0.729556620901222,1.058893115873786,1.1602214927117371,-1.9223507584509625,0.3252112447065497,-1.044022070536054,-0.6578868831543357,1.4860008999886858,0.2242328547117912,-1.251616797310768,-0.7835321202398277,-0.477411456746652,-0.1050592399719071,1.1510050664958342,-0.5741663216302607,0.1746002691286176,0.8931554295528232,-1.947832872328442,-0.3268848077707822,-0.2621671744800654,1.6885320750414885,-1.0314045240475267,0,train
GSM1447730,1.8812767759782432,1.2282279299264942,1.1084977934097675,0.8088129434104545,0.8359916716178644,0.2692725110344868,-2.023484434885304,-0.6248298978019603,1.6312468120883696,0.9723324833529724,0.7263141325041523,0.3245340235107242,0.687210920180912,-0.0365565088908014,-1.4300730691982984,1.332899672236863,-0.5442975961002985,1.2070288309488566,1.1326474505957502,0.3241462081992274,-1.1216799136756728,-1.2610966450848051,1.008617168962404,-0.8273790047590679,1.7591977384341633,0.1928511894817531,-0.4278706714620039,0.6317195234493406,0.7688035580874956,0.2646564131366209,-0.3127587388636733,1.2834400668824406,-0.5904842119807034,0,train
GSM1447732,0.494819884341016,1.0753209365579008,0.4484563686225929,0.5462888174997332,0.7568680570836829,-0.7394556415664335,0.136493438348282,-1.1067114791706725,0.9612907830516548,1.284243981905263,0.6535046794701669,0.4901390574904835,2.135489820639348,1.129236948980927,0.3920226312934572,1.2921697507648295,-0.7205892856929117,-0.610319640634075,1.3890019138808232,1.9187093226406184,-0.1386048072259443,-1.0354756097249698,1.8870327233393969,0.4889981366754612,1.442042050613562,0.3502916259731639,-1.1791446756924864,0.8582973087390252,-0.6829188234343068,-0.0743691877786871,-0.1458065763977703,1.0801680914621288,0.2035540989275167,0,train
GSM1447733,1.0607918090915016,1.1009914536927743,0.0693556528473945,1.08246097296146,0.5765967291243608,0.3611421059890328,-0.8135187115859644,-1.1036807774010515,0.638780932845397,0.3665043803956393,0.0642874391766168,0.3557624013469078,0.8766121923155953,0.5811978317422241,0.6637777357677777,1.2695420166136993,-1.599271486575783,-1.2650687435600274,0.7684063599049892,-0.9004674622481397,-1.0874859969295965,0.9838326567455312,-0.8328397157431229,-0.1050592399719071,1.8064601546584105,-0.860788654730013,0.0366852345355866,0.1219195065475517,-1.3747429027418625,-0.2614177951802383,0.2218254581231039,0.2060985971547916,0.0031357752607783,0,train
GSM1447734,1.229305010505918,1.1668419106909282,0.3164480836651572,1.140305271890942,0.9379550924093364,-0.3205302885737031,-1.305067286676321,-1.2188474446464046,1.4699918869852393,0.6679188573620338,1.159125881095066,0.7569997408178681,1.3907013595383044,1.2328415170808231,-1.2340529938397728,0.7385445218671873,-1.3952173261811822,-0.8117809030728296,1.4860008999886858,-0.4400559279344106,-0.988323638365968,-1.031715259135642,-0.8328397157431229,-0.4560931443544606,0.6211685056661209,-1.1716325934438254,0.8859515001874324,-0.3486651244387157,-0.5515197420097613,-0.8856925223829105,0.021145586068131,1.451865417944984,-0.7679975843712422,0,train
GSM1447736,1.1897915701742607,1.3331422173472824,0.8489943272541266,1.5485525354893943,0.7487109834203648,-0.772528695750073,-0.9647644269983828,-0.7460579685865447,0.9629532049599332,1.6411427158256724,0.5604703783711853,1.0967266390963466,1.5772544922423906,1.517512012607641,0.0378499951343027,0.5077416335256633,-0.6567356028483423,0.0668140470072953,1.3890019138808232,0.2593375464776469,-0.6309972083694606,-0.3134882965735116,1.10509055354716,0.1987201003591337,0.8823555426948518,-1.5914737574209226,1.114600110170617,1.8081811009150104,-0.5293560415285119,-1.0353314083041525,1.3382126455213548,1.451865417944984,-0.283176115691704,0,train
GSM1447737,0.4855226042629793,0.2795349053768224,0.6639570731257554,1.05353882349672,0.99016036385457,-0.5318303569691605,-2.0872912210749184,-1.5734395516913102,0.638780932845397,0.7848856693191444,1.2993514943457058,0.9320679195964718,1.7452947186475964,1.6830856681691555,-1.6171831411314397,0.7385445218671873,-1.3952173261811822,-0.4298439263660241,1.6364483070131326,0.6846443890255204,-1.7166540650574191,-1.6784955605004963,1.223566639879317,-0.8273790047590679,0.3463002428882657,-1.5914737574209226,0.8859515001874324,0.1850998505225595,-1.2227632422990131,-0.6729247314636501,0.3432452126437597,1.2834400668824406,-0.1991912943456441,0,train
GSM1447738,0.373955243326538,0.5362400767255564,-0.0062388351196833,0.8444094350593658,0.8359916716178644,-1.0003652912373475,-1.0616562134344625,-1.6795141136278204,0.9629532049599332,0.7608924771228144,1.159125881095066,1.7241331392596646,1.6142803048401475,1.644354988505644,-1.0647629287574092,0.7702233496787692,-1.547910915592108,-0.7306367834794428,1.6364483070131326,-0.0849584689182499,-1.0874859969295965,0.1603158776821445,-0.0830553408124718,-0.4560931443544606,0.5154499430592531,-0.2794701199924903,-0.2318861486192749,-0.1024796461912695,-1.4444002471115025,-0.2614177951802383,1.4781826403160014,1.083071976825278,-0.5313130878505221,0,train
GSM1447739,0.6714682058237132,0.6445026924682844,0.9076646761240976,1.0023688667514097,0.8743299178354575,-0.550204275960069,-0.7071740679366096,-1.2188474446464046,0.8981187505370264,1.144783552264095,1.1874406683860603,1.3351978880272,2.092767729180399,1.465225595061898,-1.0358054176249003,1.064383893643455,-0.7178130386127142,-0.8117809030728296,1.3890019138808232,0.6576407799748624,-0.740417741956907,-1.2610966450848051,1.0424674793430198,-0.8273790047590679,0.8823555426948518,-1.4582549265435776,-0.1012298000574488,0.9280135503666213,-0.7620748965816262,-0.4484664025817894,0.4663513526438697,0.962560734254664,-1.1917391829809167,0,train
GSM1447740,1.7848174951686122,1.4268954103616025,0.2589060107349932,0.6697641479068942,0.5080773103524918,-0.2396850450137017,-0.9151369266286834,-1.4582728844459576,1.3885332134795332,0.6574218357761408,0.738449041343149,0.9822225870303414,0.564740924665253,0.7796925650177258,-1.1783654724311006,0.8863790516545691,-1.3702311024593947,-1.9715821986403816,1.0366382500604132,1.070795998449939,-0.8840321922904324,-0.557911084879992,0.3790013958829401,-0.8273790047590679,1.2330924209905756,-0.5741663216302607,0.1746002691286176,0.5336810586605365,-2.2137972781034283,-0.4484664025817894,-0.0007774251647646,1.0424175817412138,0.2818126824545275,0,train
GSM1447741,0.7063330061163522,1.118849204743121,0.1573611761523517,0.4873321282062227,0.7201612255987533,-0.7909026147409816,-0.9387690696618732,-1.4582728844459576,0.8316218742058393,0.9333435460339355,0.6427180938355026,0.6046431095564897,0.6373684801454698,0.5957218366160413,-0.4432901898366265,1.971001775298723,-1.3049892960747274,-0.8803336937637949,0.7684063599049892,0.9452292163643752,-0.5933838999487735,-0.557911084879992,0.3468436010213552,0.1987201003591337,1.951978646717276,-0.4328736222148919,1.114600110170617,0.1219195065475517,-0.8491465770436745,-0.1959507825896942,0.0734235359311899,0.40791862989353,-0.2182787537424753,0,train
GSM1447743,0.7237654062626706,0.2549804976825952,0.6752398325238265,1.3772444194290083,0.99016036385457,-0.1588398014537005,0.4531641549930285,-1.4582728844459576,0.44593999148495,1.5961554804575533,1.242721919763717,1.1847338857255902,1.7296299517793143,1.6830856681691555,-0.0289750305561059,1.243897251242419,-0.7039318032117212,-0.8201751223411112,1.4860008999886858,0.8331642388041435,-0.5557705915280917,-0.7835321202398277,1.3098849313498884,-0.4560931443544606,1.1024989024762095,-0.5741663216302607,-0.4278706714620039,0.9280135503666213,-1.1816020842624084,-0.2614177951802383,0.4157597882602618,1.083071976825278,-0.0655790785678168,0,train
GSM1447744,0.9294677279892336,1.010586589000393,-0.1799933298499834,1.2003743515484788,0.7299497139947343,0.4787351875308511,-1.8746019337762037,-1.7855886755643258,0.5722840565142084,0.82237503212591,1.2710367070547115,1.5225681550443002,1.8150741346972168,1.7208480808410818,-1.207322983563611,1.4928023269048476,-1.599271486575783,-1.3336215342509932,1.3890019138808232,0.0784133658382349,-1.933785436395012,-1.4754366286766456,-0.5468045930269158,-3.183356555326512,1.856210066473408,-1.0222660254904328,-0.2972143229001823,0.1219195065475517,-1.6169604865726543,-0.5606955670227197,0.0464413682599334,1.2006793340327426,0.3543450281624911,0,train
GSM1447745,0.0659828407415719,0.037339156756494,1.322870221973125,1.5485525354893943,1.4542978552973485,0.6441004584490347,-0.2439840644860822,-1.4582728844459576,0.703615387268304,1.5346729254544578,1.0364284695007575,1.3228957997887043,0.7370533602163544,1.702451008000913,0.1648175439460743,1.4520724054328142,-0.109814928049209,-0.9320980459181974,1.1326474505957502,1.3327310062413271,-0.1368951113886402,0.1603158776821445,1.3098849313498884,-0.4560931443544606,1.3189110188714464,0.0394476872593459,0.4540596813302911,1.256987065546835,-0.7699905038963574,0.1267080651779793,0.4157597882602618,1.2413337291168045,-0.2182787537424753,0,train
GSM1447747,0.7400356463992342,-0.0262790813603658,1.468417818208245,1.2726797252103306,0.5765967291243608,-0.1367910986646092,-0.440130851661561,-1.7855886755643258,0.9629532049599332,1.3427273878838175,0.9299109363584456,0.902732170720056,1.3707643835241268,1.014981443973564,0.1336325319572185,1.1337756117069204,-0.5095945075978143,-1.431554092380943,1.0366382500604132,1.1059006902157953,-0.7028044335362226,0.3671351600953231,0.5397903701908675,-0.1050592399719071,0.7306183116591122,-0.5741663216302607,0.0366852345355866,0.9280135503666213,-0.7557424107298398,-0.1328218775916734,0.3685409948355621,1.2006793340327426,-0.3671609370377672,0,train
GSM1447748,0.357685003189975,0.633341598061818,1.255173665584696,1.9946210714648152,1.3107333588229566,0.5724421743844903,0.3515459399503096,-0.8642553376015085,0.8316218742058393,1.7041248453410391,1.3290146048410327,1.2755800757944868,1.397821708114796,1.571734964136559,0.4610751578402112,0.6797124130742495,-0.2180885641769572,-0.2801470160816714,1.3890019138808232,0.129720223034486,-0.4788342788494135,0.5777147930978294,0.6396487858136859,-0.4560931443544606,0.4147063716338863,0.9760164376697978,-0.1012298000574488,1.0914109916812964,-0.5071923410472625,-0.0065640675956258,0.1206423293558912,1.5883480300129065,-1.1211155832126374,0,train
GSM1447749,1.182818610115734,0.2694899204110018,0.6639570731257554,0.709810201011919,0.6026993648469772,0.0506228750426655,-1.4019590731124023,-1.2188474446464046,0.9629532049599332,1.173275467997236,0.777550414268809,1.3588557500243097,1.4120624052677797,1.5533378912963902,-1.0358054176249003,0.8984471765351706,-0.9149265813068173,-0.1066664845371887,1.1326474505957502,0.2242328547117912,-1.5969753564461484,-0.0653051576776911,0.533020308114744,-1.2121661691783965,0.4147063716338863,-1.0222660254904328,-0.3625424971810965,0.4051417381596576,-2.3705263029351165,-0.4484664025817894,1.0515271140142517,0.8565689184997873,-0.1113889811202142,0,train
GSM1447750,-1.0589880487008718,-0.8488517391169649,-0.0942443584246405,0.204784975742989,0.2772321256805997,-0.754154776759161,-0.4117722800217316,-1.1036807774010515,0.3811055370620431,0.6229316219939163,1.2022722236337249,2.0260074583427703,1.6299450717084298,1.9212793480997583,-1.4300730691982984,0.801902177490351,-1.2911080606737324,-0.5207813017724059,1.211830296398088,0.4470126293797243,-1.0874859969295965,-1.031715259135642,1.1457109260038991,-1.6239559416271436,0.7654432499296101,-0.860788654730013,0.3814728210181697,-0.5360275238128773,-1.7926869689596994,-0.3900137127688031,1.0515271140142517,0.9262621672153224,-0.4511457583838271,0,train
GSM1447753,0.8690354074819935,1.02844434005074,1.5124205798607226,1.3327488048678693,1.1508547150219293,-0.1367910986646092,0.1388566526515999,-0.2762991942962911,1.3885332134795332,1.1882712131199429,0.8665397457547909,1.230156980760039,0.9164861443439488,1.482654400910479,0.559085195519474,0.8335810053019328,0.128942320847874,0.2752704921696181,1.2929927133454862,0.8993230809782556,-0.4788342788494135,0.1603158776821445,1.8328722267304105,-0.1050592399719071,1.276623593828698,-1.316962227128203,1.1908163134983525,1.1262691124950943,-0.7763229897481422,-0.0720310801861699,1.0768228962060558,1.2413337291168045,-0.9569634323998826,0,train
GSM1447754,0.8609002874137127,1.099875344252127,0.3254742911836152,1.1269565875225993,0.796837718033939,-0.4197494511246128,-1.0640194277377804,-0.8672860393711243,0.9612907830516548,0.7473963065123773,0.4350763203682108,0.7011671865046915,0.6302481315689773,0.9994891721081588,0.2294150687801361,1.4505638898227384,-0.626196884966159,-1.025833494414007,0.9287516226547268,1.0073375171808905,-0.8498382755443561,-1.0354756097249698,-0.4926440964179293,0.4889981366754612,1.669647897167171,-0.8688625232680367,0.2399284434095295,1.4879221159382447,-1.317750530075794,-0.4508045101743066,0.7682143534660553,0.8885116574944075,0.327622585006925,0,train
GSM1447755,0.4634415640776415,0.206987791734788,-0.1179381531605899,0.4372745618249411,0.9175624082510424,0.1810776998781217,-0.440130851661561,-1.1036807774010515,1.3885332134795332,0.7144056672424242,1.50834159101733,1.3351978880272,0.4508153474413835,1.2802865996686257,-0.2539526170471402,0.352364525687905,-0.5595669550413909,-0.2465701390085455,1.2929927133454862,-0.6452833567194158,-1.2841010182195391,-1.031715259135642,-0.8328397157431229,0.1987201003591337,0.9246429677375988,-0.1179927492320648,-0.1012298000574488,0.1524203622596248,-1.2892543437427595,0.7790400834908862,-0.5943851139324157,1.4112110228609214,-1.3673438094317731,0,train
GSM1447756,0.2728473224778893,0.1545306480243949,1.4537502309907526,0.8343979217831091,1.3466244829415548,0.4787351875308511,-1.5626576457380943,-1.5734395516913102,1.5547754043075024,1.243755470073956,1.76317467663628,1.7241331392596646,1.8079537861207255,1.9212793480997583,-2.0938683243896734,0.1245786685665316,0.0678648850835021,0.145160093511255,1.3890019138808232,0.5833808550855505,-1.6875892358232538,-3.261603158608655,0.3180708371978309,-1.6239559416271436,0.2555066538258975,0.1928511894817531,-0.166557974338363,0.7646161090519444,0.3571919777214452,0.3324615333196842,0.1459381115476936,1.9484298150431725,-1.7414580136096838,0,train
GSM1447757,0.3890633234533479,-0.9716237775880996,0.0027873723987736,1.7732553890231475,0.4583191610062532,0.0506228750426655,-0.1589083495665959,-0.7460579685865447,1.0959469576223089,0.4819716178404771,0.8665397457547909,0.8828595666424857,0.183090240965291,0.8668365942606291,-0.0289750305561059,0.6208803042813125,-0.9440771756489024,-1.6288182451855573,0.9287516226547268,0.3970559526360062,-0.848128579707052,-0.3134882965735116,-0.8328397157431229,0.1987201003591337,0.550274881329751,0.5117689967335838,0.1746002691286176,0.4356425938717307,-1.1752695984106227,0.2646564131366209,-0.6601541476311044,0.9262621672153224,-1.6631994300826711,0,train
GSM1447758,0.4285767637850046,0.7895969197523521,0.9697198528134902,0.5874472609687867,0.5676239480947113,1.1916432443781335,-0.1021912062869407,-0.0429351580359697,0.5124368678161402,-0.2048335087794707,0.6305831849965047,0.8629869625649143,0.705723826479791,0.6944850697579982,-0.2539526170471402,0.1834107773594694,-0.6872743207305282,-0.3878728300246166,0.5407556782232652,0.6576407799748624,-0.6669008209528423,-0.3134882965735116,0.9595342189105088,0.4957487886828179,0.1958067596479014,-0.4328736222148919,0.3088859607060484,-0.0414779347671251,0.3936037713692106,-0.0720310801861699,0.950343985247039,0.2060985971547916,-1.0676706969015086,0,train
GSM1447759,0.3251445229168457,0.8331251879375724,0.3074218761467002,0.0457131536869163,0.5594668744313939,2.279379248639965,-1.6075587175011563,-0.3944965633112548,0.44593999148495,-0.0908658458469019,-0.123129486225678,0.4920316864502522,1.3422829892181598,0.6247698463636757,-0.4744752018254839,0.9949921755799918,-2.282228268304649,0.0905976682674247,0.7684063599049892,-0.5035144092034587,-0.6309972083694606,-1.031715259135642,0.6464188478898094,-0.1050592399719071,1.4868169712470585,-0.860788654730013,0.0366852345355866,0.4051417381596576,-0.8412309697289426,-0.5606955670227197,3.909950501688024,0.3193501263175375,-0.3461647317012502,0,train
GSM1447760,2.089303417724314,1.4469853802932426,1.7042274896279357,0.7498562541169449,0.583938095421346,2.277541856740874,0.3491827256469916,0.0752622109789939,0.248111784399669,-0.7806701214913901,-0.613919132602915,0.981276272550457,0.0591961757343334,0.5105143413563127,0.1314050311008716,1.7160626371959944,-0.2722253822408293,-0.3570940260409176,0.0458628919586463,0.6508898777121964,-0.5950935957860802,0.5739544425085017,0.8292105239451368,-0.1118098919792718,1.31766727107607,-0.436910556483901,0.2399284434095295,0.1175622414458285,-0.5388547703061907,-0.9394689970108604,1.97060720031644,0.1218859216235204,-1.1592905020063031,0,train
GSM1447761,1.3594669315984311,1.4179665348364294,1.363488155806181,0.7476314733888871,1.0872295404480503,0.3776786330808517,0.070323437855348,-1.3491676207398364,1.0244628155662816,1.1012958914082471,0.5887851656621798,1.46578928625124,1.1400650896457922,1.1273004149977512,0.1269500293881777,0.7340189750369616,0.181691015371648,0.6683997612341316,1.131657665023221,0.3619512608701505,-0.0958624112933489,-1.686016261679158,1.3606603969208126,-0.4628437963618091,0.5452998901482523,-1.0343768282974657,0.1637122400817967,0.8234391879252289,-1.03753803113429,-0.2707702255503151,1.0464679575758908,0.9204543964890288,-0.3518909695203009,0,train
GSM1447762,0.8922786076770861,0.7996419047181723,1.3657447076857954,2.43735243634815,1.685958747335572,0.9564570812944934,0.8525473722539451,-0.1581018252813225,0.57062163460593,1.0638065286014802,0.4566494916375394,0.5667905303611158,0.643064759006663,0.7225648125140447,1.231790454136235,0.5243353052364913,-0.5609550785814889,1.5581870036719638,0.9287516226547268,-0.2672328300101956,-0.0445715361742319,0.9838326567455312,2.259386137526176,0.191969448351769,0.8015119359954833,-1.0263029597594475,0.2399284434095295,2.0020793979417584,-0.2253967206428122,-0.7828157883120611,0.6687176101782951,1.3255464046480767,-0.5542180391267217,0,train
GSM1447763,1.271142770857082,1.180235223978687,0.3164480836651572,1.744333239558407,1.1508547150219293,1.009741446368133,0.5500559414291097,-0.7460579685865447,0.703615387268304,1.3862150487396652,1.0633949335874184,0.902732170720056,1.7538391369393873,0.9694728953689375,0.0378499951343027,0.1004424188053271,-1.3827242143202896,-0.4088583781953196,1.1326474505957502,-0.434655206124279,-1.0532920801835164,-0.557911084879992,0.9121437843776468,-0.4560931443544606,0.0291445550676633,1.924695990887277,-1.1755153326768797,0.7951169647640175,-1.3747429027418625,-0.1959507825896942,0.4916471348356721,1.2413337291168045,-0.0884840298440163,0,train
GSM1447764,0.9550352482038328,0.7895969197523521,0.6210825874130839,0.9534236907341568,0.9273508966470232,0.9840179597808588,0.8549105865572613,0.0782929127486098,0.2497742063079507,0.6919120495583638,0.120917013758607,0.675616695547815,0.3340416307869178,0.6944850697579982,0.7952002862922447,0.9090067858056978,-0.4929370251166239,-1.0076460193327297,0.4863174717341573,0.3673519826802814,-0.740417741956907,0.1603158776821445,1.2811121675263648,-1.2121661691783965,0.3798814333633872,-0.2794701199924903,0.3088859607060484,0.7646161090519444,-0.8855583706914398,-1.2340705536683014,1.6603122720969836,0.2351374507862639,-0.1762863430694428,0,train
GSM1447766,0.4529821239898511,0.0551969078068408,0.103203931041609,-0.5694387176208334,0.4411893063132863,1.08507451423086,-0.3597815653487123,-0.2793298960659069,0.3794431151537646,0.2855273567330245,-0.0988596685476833,-0.0558843974027813,0.389580349683554,-0.0036354311768155,-0.3497351538700577,1.0281795190016478,-1.5742852628539956,-0.8565500725036641,0.217095796006204,-0.2672328300101956,-1.3507791558743916,0.1603158776821445,0.2402151233224133,0.4889981366754612,0.4134626238385122,-0.2835070542614994,0.4504303383146886,-0.196160845878352,-1.081865432096788,-0.509257199987293,1.2302839748363272,0.4689002225196237,-0.9588721783395632,0,train
GSM1447767,0.9108731678331594,0.9860321813061668,-0.3108733388676111,-0.3024650302539982,0.13040479974088,1.3496589476999532,-1.1845433572070516,-0.7460579685865447,-0.1841179117530495,-0.5527347956262563,0.381143392194888,0.4097023267003147,4.157668816363027,0.3323532149041554,-1.969128276434247,-0.2148373437004158,-1.547910915592108,0.2360974689176362,0.7060498688356491,-1.1975071618053843,-1.251616797310768,-2.3816811207053097,0.069271055900301,-2.049247018090604,-0.1549301186478236,0.0394476872593459,-1.2335848209265774,-1.207046349478481,0.2859515118888576,-0.1959507825896942,0.1459381115476936,-0.1975414683226827,-0.5122256284536909,0,train
GSM1447769,2.099762857812105,1.9927628967694664,0.2893694611097864,1.8733705217857104,0.4085610116600154,2.3087775190254205,0.1081348667084526,0.0782929127486098,-0.5415386220331809,-0.0908658458469019,-0.4709968729436091,0.5431326683640071,-0.5531538018439638,0.1086835398473698,0.7306027614581847,-0.1907010939392106,-0.6872743207305282,-0.6480936273413413,0.5922245279947852,-0.8424097027892239,-0.1847665948331504,0.1603158776821445,-0.0255098131654249,0.4957487886828179,0.5154499430592531,0.1928511894817531,-0.8198397171474731,1.256987065546835,-0.7414943175633238,0.0589029449949181,0.7968829066167659,0.2917632153676386,-0.6515640820505655,0,train
GSM1447770,1.661628534134625,1.6311434379999437,0.2318273881796224,0.5017932029385939,0.4167180853233328,1.035464932955403,1.6040495207093914,0.1964902817635735,-0.5415386220331809,-0.3367960658592859,-0.3604343701882973,0.332104539349799,-1.268036798923742,-0.2379560431410669,0.1648175439460743,1.1579118614681263,-0.8718947515637379,-0.838362597422388,-0.0164935991106956,-0.5278176573490512,-0.0428618403369291,-0.3134882965735116,1.1457109260038991,0.779276172991805,0.8413118654474799,0.6692094332249945,-0.2972143229001823,0.7951169647640175,1.508121281283441,-0.1959507825896942,-0.8743251035217054,-0.1176846208361304,-0.6515640820505655,0,train
GSM1447771,2.0404926973146207,1.9213318925680791,0.756475700189941,0.4328250003688276,0.5170500913821413,2.641345452760879,0.3208241540071622,-0.2762991942962911,-0.430156354178443,-0.7206871410005665,-0.9712247817511768,-0.1457842729917936,-0.7197699585338718,-0.2156859023345475,-0.4121051778477708,0.5348949145070185,-1.1578482008241986,-1.91981784648598,-0.5410799525511925,0.6400884340919332,-0.7028044335362226,0.5777147930978294,0.6531889099659322,-0.8273790047590679,0.4147063716338863,-1.0222660254904328,0.0366852345355866,-0.0414779347671251,-0.1367419187178162,-1.0867697753395789,0.9233618175757824,-0.5939218203922879,-1.3501650959746243,0,train
GSM1447772,0.494819884341016,0.8152674368872256,1.351077120468303,1.5607888294937078,1.382515607060153,1.265138920341771,-0.0502004916139232,-0.6278605995715714,0.4442775695766715,0.9693333343284312,0.8018202319468037,1.0011488766280283,0.8224975431342568,1.129236948980927,-0.3497351538700577,0.0566954661131415,-0.3083165942834129,-0.2591614679109683,1.211830296398088,-0.1187129802315725,-1.089195692766899,-0.557911084879992,1.0627776655713894,-0.4560931443544606,0.1087444139716577,-0.8688625232680367,-0.2355154916348796,0.8277964530269522,-0.6892513092860931,-0.509257199987293,1.3095440923706458,0.9248102245337492,-0.8481649138379372,0,train
GSM1447773,3.064355665908416,2.915785404184265,1.2788674603206454,1.6275322513354158,1.1598274960515789,1.884339990335414,-0.737895853879757,-0.8703167411407353,0.246449362491389,-0.4687586229391011,-0.9469549640731814,-0.1079316937964196,0.1061904763391795,0.4679105937264498,-0.3853751675716073,0.6465250696525919,-2.1753427557170024,-1.7071642916895164,0.6476525200564223,0.7508032311996345,-0.8139346629609758,-0.561671435469326,1.5163718246716476,-0.8341296567664165,0.728130816068364,-1.8700222219826537,0.7262604075007596,0.3702836173458596,-0.266557878679417,-1.7928782682804298,1.334839874562448,0.4050147445303821,-1.2146441342571164,0,train
GSM1447774,1.5361152530811284,1.5876151698147234,0.5454880994460071,0.2848770819530397,0.5423370197384263,1.5627964079945005,-0.8135187115859644,-0.1550711235117115,0.3811055370620431,0.209049056607222,0.4472112292072088,0.5090653470881714,0.7000275476185978,0.4708153947012135,-0.5368452258031954,0.4353328842420473,-1.817206882371377,-0.9488864844547594,0.5407556782232652,-0.0296010703643995,-1.18664835549322,-0.3134882965735116,0.4957849666960659,-0.4560931443544606,-0.0753302597438292,-1.1716325934438254,0.1056427518320987,0.054381897470819,-0.4327856322887847,-0.6729247314636501,1.365194813192613,0.5618245541403375,-0.5122256284536909,0,train
GSM1447775,0.415793003677704,0.9279944903925396,1.7346909400027288,0.5863348706047581,0.9999488522505516,-0.4381233701155214,-0.3314229937088848,-0.5187553358654502,0.6371185109371154,0.2570354409998821,0.2355244861269172,0.6652072362690872,0.8694918437391035,0.678992797892593,0.5256726826742714,0.1396638246672846,0.4440463644504199,-0.1668250559598716,0.7060498688356491,1.1923122391779026,-1.0550017760208217,0.5739544425085017,0.998462075848218,-0.4560931443544606,-0.3738297306338073,-1.3209991613972123,0.3052566176904436,0.5620032818217462,-0.0322559021633579,-1.1382081423750057,1.3095440923706458,0.855116975818214,-0.3480734776409326,0,train
GSM1447776,1.0480080489842003,1.1065720008960074,1.2822522881400678,1.1225070260664858,0.99016036385457,0.2251751054563043,-0.2439840644860822,-0.5157246340958392,0.0552708430392252,0.4189894883251117,0.2678842430309114,0.5090653470881714,0.8823084711767878,0.6528495891197222,0.9667178522309554,0.3342623383670005,-0.0306918862635487,-0.8201751223411112,0.6476525200564223,-0.7749006801625773,-0.4378015787541223,0.1603158776821445,-0.204916458182691,-0.1050592399719071,0.2555066538258975,-0.860788654730013,-1.0557470131618765,0.7297579882381463,-0.624343329305292,-0.0065640675956258,0.9233618175757824,0.62280614676643,0.2818126824545275,0,train
GSM1447777,0.7121438061651243,1.1367069557934677,1.7685392181969433,1.5830366367742763,1.1728788139128872,-0.1184171796737007,-0.1872669212064253,-0.6248298978019603,0.8316218742058393,1.0383137618928788,0.6427180938355026,0.921658460317744,0.72423673277867,1.057585191603429,1.136007917313319,1.1337756117069204,0.1483760504092645,0.1311697280641187,1.211830296398088,0.3133447645789642,-0.8105152712863676,0.1603158776821445,1.008617168962404,0.4957487886828179,1.055236486251965,-1.1716325934438254,-0.3625424971810965,1.357204162886504,-0.6607551229530589,-0.0720310801861699,1.537206132096875,1.2413337291168045,-0.283176115691704,0,train
GSM1447778,-0.0339629200973225,1.2717561981117145,0.1934660062261794,-0.7051503420323083,-0.0156068188325068,1.4562276778472267,-1.307430500979641,-0.8672860393711243,1.0277876593828434,0.0890830956255718,0.478222662906868,0.6472272611512845,0.326921282210426,0.4834028655918549,-0.7662778140069253,0.1155275749060801,-0.9163147048469168,0.5256980336733457,0.7060498688356491,0.8183122538262804,-0.9575491132945012,-0.557911084879992,2.047821697647324,-0.8273790047590679,-0.1300551627403254,-1.7327664568362913,1.343248720153809,-0.3508437569895773,-1.108778496966876,-1.2364086612608187,0.7429185712742513,0.1494728325734193,-0.6324766226537325,0,train
GSM1447779,0.3460634030924281,0.5864650015546571,0.5443598235061989,-0.0710878345360742,0.3375944707891514,0.4989464984208527,-0.6835419249034197,-0.3975272650808706,1.1657686777700544,0.2855273567330245,0.3272104640215652,1.0125046503866406,-0.1401735844074377,0.6518813221281334,-0.5413002275158894,0.3327538227569262,-0.5609550785814889,-0.5221803383171201,0.8357117788369776,1.228767111396292,-0.0445715361742319,-0.557911084879992,0.1268165835473488,-0.4560931443544606,0.4470438143136337,-0.2835070542614994,0.3052566176904436,0.5315024261096731,0.5550821605897389,-0.3923518203613262,0.0194592005886769,0.5908634077718098,-0.3251685263647347,0,train
GSM1447780,0.4285767637850046,0.8007580141588185,0.1043322069814162,-0.5305050548798368,-0.3059986412466177,1.671202530040867,0.1388566526515999,0.3177183525481579,0.1217677193704153,-0.8466514000312989,0.1694566491145964,0.3860444647032069,-0.9675580889957868,-0.1285418730916442,-0.3809201658589134,1.2695420166136993,-1.965736101162005,-2.314346152095208,-0.1293291543790284,0.7872581034180226,-0.1847665948331504,-0.557911084879992,0.1623594094469958,0.779276172991805,1.3599546961188171,0.354328560242173,0.0366852345355866,-0.0414779347671251,0.2527059611669847,-0.2614177951802383,-0.0479962185894659,0.3469370372674352,-0.5122256284536909,0,train
GSM1447783,0.1554691614926753,0.2750704676142355,1.8001309445115437,1.1113831224262014,0.9379550924093364,0.7984413779726736,0.1672152242914293,0.0782929127486098,1.6312468120883696,1.230259299463519,0.738449041343149,0.6926503561857333,-0.339543344549209,0.5676420938599946,1.2006054421473793,0.6012696013503329,-0.1459061400917926,-0.5991273482763664,1.1326474505957502,2.379120856954348,-0.5933838999487735,0.7807737249216803,0.4771672959867273,-0.4560931443544606,0.7306183116591122,-1.1716325934438254,1.4230942664971464,1.45524262767531,-0.863394670210192,-1.0353314083041525,1.129100846069116,1.369104685095285,-0.6305678767140501,0,train
GSM1447787,0.8155760470332822,0.6076710809269436,1.4537502309907526,-0.0655258827159316,0.7389224950243838,1.8880147741335969,-0.0761958489504328,-0.3944965633112548,1.0959469576223089,0.6574218357761408,0.8530565137114605,0.0747070008212578,-0.0718182380731158,-0.048175712789855,-0.3163226410248533,0.0838487470944983,-0.8718947515637379,-0.838362597422388,0.356655561732827,1.3475829912191892,-0.9558394174571984,0.7807737249216803,-0.064437670103134,-0.1050592399719071,-0.0753302597438292,-1.86194835344463,1.502939812840484,-0.379165980150787,-0.7699905038963574,-1.4257953762548872,1.0768228962060558,0.2351374507862639,-1.014225810590378,0,train
GSM1447788,-1.4297170918125857,-1.2673927793594673,1.4244150565557665,1.3894807134333211,0.99016036385457,0.6202143637608538,-0.3574183510453944,0.0782929127486098,1.0959469576223089,0.4924686394263716,0.5483354695321874,0.9718131277516135,0.2870473301820717,0.3614012246517899,0.935532840242098,-0.4411146852117127,-0.0112581567021581,0.1045880337145623,0.9287516226547268,1.8647021045393009,0.0015902514329715,-0.557911084879992,2.648664706903262,0.4957487886828179,-0.929784995166393,1.6057781836354463,0.9621677035151608,2.121904188239186,-1.0929472823374125,-1.1826321866328748,-0.1913389843430174,0.2917632153676386,-1.6021195600128082,0,train
GSM1447789,1.3338994113838307,1.7940954163343592,1.2010164204739533,0.6486287309903531,0.9575320692012992,0.6183769718617642,-2.004578720458752,-0.5187553358654502,1.553112982399221,-0.1283552086536682,-0.1581858895383389,0.0236060189075039,0.3326175610716199,0.2752254624004744,-1.3276080298063435,1.6300772474217005,-1.159236324364298,-0.3249161855125059,0.3556657761602977,1.0073375171808905,-0.5574802873653945,-0.557911084879992,0.4940924511770357,-0.1118098919792718,1.275379846033324,-3.008437685843636,0.5919747159233288,0.8277964530269522,-3.2190794070743607,-0.9394689970108604,0.5388659282603718,0.4369574835250023,-1.7739066945842998,0,train
GSM1447790,0.8818191675892946,0.7014242739412655,1.228095043029324,0.7198217142881758,0.845780160013846,2.7019793854308785,-0.7308062109697996,-0.3944965633112548,0.9629532049599332,0.4504805530827936,0.1694566491145964,0.9320679195964718,-0.3537840417021918,0.4427356519451669,-0.5680302377920529,-0.3370271081165158,-1.1578482008241986,-0.7390310027477245,0.5407556782232652,0.9060739832409204,-0.5933838999487735,-1.031715259135642,0.2182124215750125,-1.6239559416271436,0.0291445550676633,-0.5741663216302607,-0.2972143229001823,-0.1329805019033426,0.651652569829466,-1.4257953762548872,0.1206423293558912,0.4993910188326681,-1.1039368697554903,0,train
GSM1447791,1.0805485292573296,1.1121525480992405,1.381540570843095,-0.4203784088410164,0.6385904889655754,1.1401962712035871,-0.9883965700315712,-0.9824527066164772,1.3885332134795332,0.7144056672424242,0.0265343894552917,0.2951982746343094,-0.4207153183212153,0.3885127004162495,-0.8865628602496576,0.3342623383670005,-1.3313636433366145,-0.7124493083981661,0.6476525200564223,1.431294179276231,-0.7028044335362226,-0.3134882965735116,-0.276002109981985,-1.6239559416271436,0.8413118654474799,-1.9992041185909928,1.042013249858496,0.5968614026355442,-1.5235563202588205,-0.5606955670227197,1.102118678397858,0.7868756697842523,-1.502864771149282,0,train
GSM1447792,0.240306842204761,0.4514157592364104,1.4086191933984669,1.0235042836679509,0.7756293265093134,2.051542653152689,0.6445845135618696,-0.1641632288205541,-0.06941080008175,-0.3030556393331963,-0.6584137983459053,0.4399843900566139,-0.3765691571469662,0.2200342438799691,0.5234451818179243,1.6858923249944868,-0.1667279931932826,-0.1094645576266157,-0.0174833846832249,0.3579007195125513,-0.0462812320115373,-0.0690655082670188,-0.3792455566428647,0.4889981366754612,1.484329475656308,-0.2875439885305141,0.5193878556112053,0.6927212348734885,-1.0153743306530425,-0.0135783903731835,-0.0277595928360227,0.1741558581601702,-1.1783779614031349,0,train
GSM1447794,0.7179546062138975,0.4793184952525763,1.0441860648407608,0.556300330775989,0.9069582124887284,0.6679865531372191,-1.1845433572070516,-1.1036807774010515,1.0294500812911218,0.9078507793253342,1.0215969142530936,1.0550888019814362,0.3910044193988525,0.737088817387862,-0.6660402754713156,0.8863790516545691,-0.8566253926226456,-0.4396371821790185,0.7684063599049892,0.9668321036049022,-0.6669008209528423,-0.7835321202398277,0.533020308114744,-0.8273790047590679,0.9246429677375988,-1.7287295225672823,0.6645615762354569,0.5010015703976017,-0.1937342913838863,-0.9371308894183372,0.3432452126437597,1.001763186657152,-0.748910124974411,0,train
GSM1447795,-0.1490167610630272,-0.6780869946980241,0.4360453332847136,0.2492805903041284,0.5920951690846648,1.507674651021775,-1.2152651431501973,-0.4005579668504864,0.8282970303892793,0.4264873608864636,0.6144033065445081,1.08442455085785,0.2372048901466287,0.6915802687832345,-0.5123427163833806,0.7264763969865843,-0.889940357585029,-0.4928005708781354,0.5912347424222559,1.3988898484154402,-0.6344166000440687,-0.561671435469326,0.5059400598102516,-1.6307065936345002,0.6186810100753705,-1.1797064619818491,0.1673415830974081,1.6927135757193044,-3.2190794070743607,-0.3946899279538435,0.4376827994931591,0.5894114650902365,-1.144020534488837,0,train
GSM1447798,2.4019244603482983,2.183617611120047,1.1084977934097675,0.4328250003688276,1.0007645596168824,2.38962276258542,-1.4941244309418429,0.1964902817635735,0.3162710826391361,-0.7716726744177677,-0.0975113453433509,-0.4930816871093469,-0.8749935575013941,-0.1847013586037373,-1.1226779510224285,0.7596637404082404,-1.1578482008241986,-1.697371035876522,-0.0758807334624498,0.8723194719275983,-0.4788342788494135,-0.0653051576776911,0.7987452446025823,-1.2121661691783965,1.3599546961188171,-1.316962227128203,0.6645615762354569,-1.4902685810905871,0.2432072323893081,-1.1358700347824884,1.1543966282609186,0.592315350453382,-1.048583237504674,0,train
GSM1447799,0.3634958032387476,0.0473841417223142,1.8170550836086503,2.5018710774618023,1.935565201433095,1.1126353927172234,0.2901023680640167,-0.0429351580359697,2.390973624172183,0.7144056672424242,0.6049650441141775,0.9718131277516135,0.6373684801454698,1.057585191603429,1.5102280611795962,0.0416103100123885,-0.4776676661755303,0.4697365718848032,1.3890019138808232,2.4020739246474085,0.2973676312865413,0.5777147930978294,2.5589613843946286,-0.1050592399719071,0.0291445550676633,-0.860788654730013,1.6662602485427616,1.555459725014977,-0.1937342913838863,-0.0720310801861699,1.0768228962060558,1.2834400668824406,-0.7679975843712422,0,train
GSM1447802,0.1554691614926753,0.1456017724992215,1.1479874513030175,0.8188244566867102,0.5937265838173277,1.9449739230054155,1.3275534472210655,-0.7460579685865447,-0.1242707230549812,0.0440958602574543,-0.6786386464109009,-0.3189598228106277,0.4379987200036985,0.1832400981996317,0.4922601698290669,0.6103206950107837,-0.9301959402479096,-1.2119053548609124,-0.5410799525511925,1.244969276826687,-0.3164131743055486,1.4463557792331856,0.6396487858136859,1.076304861315481,0.2555066538258975,-0.4328736222148919,-0.6274845373203466,-0.006619813953327,0.6326551122741091,-0.2614177951802383,0.2926536482601518,-0.2744944304460859,2.480688004969597,0,train
GSM1447803,1.181656450105979,0.9625938830525868,1.9107019866126431,2.3149894963050177,2.031002963293912,0.8756118377344938,-0.0785590632537508,-0.7490886703561557,1.4683294650769576,0.6784158789479298,0.6535046794701669,0.5421863538841227,1.2568388063002571,0.8958846040082635,-0.2873651298923446,0.1638000744284899,-0.0917693220279179,-0.6858676140486084,0.8357117788369776,1.7850414578398597,-1.50465178123174,0.3633748095059954,2.0173564183047694,-0.4560931443544606,0.7293745638637381,-2.281789517421733,1.2670325168260783,0.6948998674243483,-0.8000698116923386,-1.2364086612608187,1.3635084277131604,1.1208224865461915,-0.9588721783395632,0,train
GSM1447804,1.1618997299401508,0.9056723015796058,1.1344481400253323,1.3772444194290083,0.8262031832218834,1.1126353927172234,-1.5153933596717146,-0.2762991942962911,0.9629532049599332,0.5464533218681138,0.1694566491145964,0.4835148561312939,0.960632305518198,0.794216569891543,-1.00684790649239,1.6315857630317765,-1.610376474896578,-1.751933461120351,0.8357117788369776,1.61086817946311,-1.251616797310768,-0.7835321202398277,1.5129867936335863,-1.6239559416271436,1.627360472124423,-1.5914737574209226,0.7335190935319669,0.8299750855778155,-1.1958501774289252,-0.3900137127688031,1.419159148535126,0.821722294142018,-0.7279139196378956,0,train
GSM1447805,-0.0420980401656048,0.9402716942396532,1.3082026347556317,1.4028293978016626,1.3352045798129095,0.4787351875308511,-1.3759637157758928,-0.6248298978019603,1.6312468120883696,0.7608924771228144,1.0081136822097632,1.0238604241452527,1.7609594855158792,1.1302052159725149,-0.6994527883165199,0.6404910072122912,-0.7636211154359911,-0.3235171489677917,0.9287516226547268,2.1333880145933555,-1.5029420853944346,-0.7835321202398277,1.2811121675263648,-0.8273790047590679,0.2555066538258975,-1.7287295225672823,1.3468780631694135,0.054381897470819,-0.7114150097673425,-0.6168101492431869,1.3382126455213548,0.9262621672153224,-0.6305678767140501,0,train
GSM1447806,1.5279801330128464,1.5083713995288095,0.1483349686338937,-0.7007007805761943,0.3302531044921648,1.2669763122408624,-0.3834137083819041,-0.9824527066164772,0.703615387268304,0.6799154534601995,0.4135031490988809,0.5431326683640071,0.7299330116398626,0.3488137537611484,0.0378499951343027,0.3252112447065497,-2.504328034720541,-1.2202995741291929,0.7684063599049892,0.6778934867628557,-0.5557705915280917,-0.3134882965735116,1.0983204914710365,-1.2121661691783965,0.6584809395273682,0.0394476872593459,-0.2318861486192749,0.4051417381596576,-0.35679580206736,-0.3268848077707822,0.2454348548354537,0.821722294142018,-0.1991912943456441,0,train
GSM1447807,1.4257100521544437,1.2728723075523616,0.9697198528134902,0.688674784095378,1.0570483678937748,2.1415748562081456,0.0183327231823287,-0.1550711235117115,1.6312468120883696,-0.2693152128071074,0.3595702209255594,-0.4874038002300409,0.8310419614260477,0.033158714503521,0.3274251064593971,0.6797124130742495,-1.128697606482112,-0.1654260194151581,0.3131049965415411,0.3970559526360062,-0.9558394174571984,0.1603158776821445,0.771664996298089,-1.6239559416271436,1.4022421211615654,-0.860788654730013,-0.166557974338363,-0.1939822133274887,0.1403043372977946,-0.6168101492431869,0.7446049567537054,0.4384094262065757,-0.884431086691919,0,train
GSM1447808,1.482655892632418,1.2862656208401226,0.7102163866578493,0.2748655686767835,0.194845681681091,0.6202143637608538,-0.7851601399461369,-1.1036807774010515,0.5722840565142084,-1.023601192479233,-0.1056012845693485,0.3860444647032069,-0.5702426384275435,0.0467144523857503,0.1982300567912786,-0.5014553096147256,-1.2911080606737324,-0.9894585442514534,-0.2926437738463519,1.0437923893992802,0.5640801819059471,-0.3134882965735116,-0.3758605256048025,-0.4560931443544606,0.5154499430592531,-0.860788654730013,1.6662602485427616,0.4705007146855287,0.6421538410517872,-1.0867697753395789,-0.0243868218771144,-0.5489115972635061,-0.4912294231171755,0,train
GSM1447809,1.9451955765147448,1.731593287658145,0.756475700189941,0.5017932029385939,0.701399956173122,0.524669985008125,-1.8509697907430152,-1.1036807774010515,1.2372528198260833,0.6799154534601995,0.2570976573962459,0.6926503561857333,-0.1658068392828078,0.4427356519451669,-0.4432901898366265,0.8335810053019328,-0.109814928049209,-1.1895207701454953,0.7060498688356491,1.4474963447066265,-1.2841010182195391,-0.3134882965735116,0.2808354957791528,-0.4560931443544606,1.3189110188714464,-0.4328736222148919,1.1908163134983525,0.3746408824475828,-1.0533692457637538,-0.0720310801861699,0.3179494304519574,0.6547488857610514,-0.4721419637203425,0,train
GSM1447811,0.1856853217462949,-0.0530657079358865,-0.0784484952673398,-0.424827970297131,0.0292570863157407,1.77960865208723,-1.4255912161455924,-0.6248298978019603,0.1866021737933222,-0.195836061705846,0.0737257016069487,-0.0890054041987331,0.0762850123179139,-0.6155801698603137,-1.510263100026789,0.3252112447065497,-2.200328979438789,-2.4682401720137017,0.2685646457777259,-0.6911894921055359,-1.2841010182195391,-1.6784955605004963,-0.8328397157431229,-3.932678928143083,0.8413118654474799,0.354328560242173,-0.2972143229001823,-0.006619813953327,0.3033658479812683,-0.7804776807195398,-0.8743251035217054,0.0957509533551937,0.2054628448671991,0,train
GSM1447812,1.3757371717349958,0.7070048211444987,0.7327819054539905,1.3772444194290083,1.2185584264274665,2.474142789943604,-0.9387690696618732,0.0782929127486098,0.9629532049599332,0.6799154534601995,0.297547353526237,0.5771999896398436,1.1244003227775103,0.7090090746318154,-0.4744752018254839,1.0764520185240585,-1.449354144245057,-1.273462962828309,0.5922245279947852,1.2584710813520157,-0.4788342788494135,0.1603158776821445,3.366291286972329,-0.1050592399719071,1.1510050664958342,-0.5741663216302607,0.2435577864251343,1.193806721571827,-0.4264531464369983,-0.1959507825896942,1.3921769808638695,0.7200863064318651,0.1615616882544842,0,train
GSM1447813,0.4797118042142061,0.7014242739412655,1.2156840076914457,1.4751347714635143,1.418406731178751,0.6679865531372191,-0.5488387096142338,0.1964902817635735,0.703615387268304,0.9198473754235,1.1321594170084053,1.0446793427027083,1.051772767297293,1.1302052159725149,-0.1938100939257757,0.1411723402773596,-1.2383593661499597,-0.4997957536017028,1.211830296398088,1.000586614918226,-0.6309972083694606,-1.2610966450848051,1.174483689827423,-2.049247018090604,0.7654432499296101,-0.2794701199924903,0.4540596813302911,0.5336810586605365,1.0015224131406084,-0.8342541553474878,-0.432492107904875,0.889963600175981,-0.6897390008442297,0,train
GSM1447814,-0.7312589259500765,-0.1256128215779204,2.060762686606993,1.5429905836692517,1.0325771469038223,0.5007838903199442,-0.5228433522777258,-1.2188474446464046,1.4699918869852393,1.8990695319362203,0.9690123092841044,0.902732170720056,1.4049420566912878,1.0285371818557942,0.694962747756635,0.6103206950107837,-0.5442975961002985,-0.5207813017724059,1.2929927133454862,0.9195757877662508,-0.9199358048738154,-0.0653051576776911,0.830903039464168,0.1987201003591337,0.8823555426948518,-1.316962227128203,0.9621677035151608,2.004258030492622,-1.0122080877271482,-0.7804776807195398,1.5658746852475858,1.9019676492328148,-0.3461647317012502,0,train
GSM1447816,0.6540358056773948,0.0741707682978344,2.110406827958506,0.750968644480973,1.1508547150219293,0.2472238082453955,-1.0616562134344625,-0.9824527066164772,0.44593999148495,0.82237503212591,1.449015370026675,1.4317219649754036,2.599736547826616,1.7392451536812503,-0.5056602138143397,-0.6296791364711278,0.6286667952836296,0.5270970702180605,1.3890019138808232,0.4038068548986702,-1.2841010182195391,-1.2610966450848051,0.9527641568343864,-0.8273790047590679,-0.3489547747263103,-1.316962227128203,-0.1012298000574488,-0.2571625573024965,0.1814654953343994,-0.2614177951802383,1.8137733507272584,1.4954236983921925,-1.6631994300826711,0,train
GSM1447817,0.631954765492058,0.718165915550965,0.0185832355560732,-0.3313871797187387,0.1728215827901326,2.444744519558149,-0.0761958489504328,0.3177183525481579,0.3811055370620431,0.4504805530827936,-0.016611953083366,0.675616695547815,0.420909883420118,0.2636062585014208,-1.2630105049722833,0.8547002238429873,-0.841356033681552,-0.0828828632770579,0.4417771209703403,0.607684103231143,-0.848128579707052,-1.6784955605004963,-0.8328397157431229,-2.049247018090604,0.5850998196002489,0.6692094332249945,-0.1012298000574488,-0.2876634130145695,0.412601228924566,-0.3268848077707822,0.1965296759312999,0.1770597435233194,-0.6897390008442297,0,train
GSM1447819,1.854547095753887,1.731593287658145,1.120908828747647,1.6709154755325262,1.5872581560094277,2.760775926201789,-0.2156254928462529,-0.2762991942962911,0.5722840565142084,0.1355699055059628,-0.016611953083366,0.6046431095564897,1.5046269367621738,0.4156241761807073,-0.4744752018254839,1.280101625884228,-0.5928819200037743,-0.4802092419757126,0.9287516226547268,0.0730126440281033,-0.7028044335362226,-1.031715259135642,0.8986036602253998,-1.6239559416271436,1.627360472124423,-0.2794701199924903,0.5956040589389381,0.2156007062346326,-0.0971638821441584,0.1267080651779793,0.4663513526438697,0.889963600175981,-1.1402030426094687,0,train
GSM1447820,0.373955243326538,0.5507494994539635,1.353333672347916,2.208200021358283,1.9225138835717863,1.77960865208723,-0.2983379934624195,-0.3944965633112548,0.1866021737933222,0.1445673525795868,-0.0354884779440292,0.7768723448954394,1.5117472853386649,0.9539806235035324,-0.1247575673790217,-0.0142047675603978,0.2261109686548268,-0.3976660858376117,0.5407556782232652,1.4555974274218235,-0.9558394174571984,0.1603158776821445,1.2743421054502413,-1.2121661691783965,0.4495313099043842,0.5117689967335838,-0.03227228276093,0.0238810417587459,0.1482199446125257,-0.2614177951802383,1.5979160093572031,0.9262621672153224,-1.726188046092218,0,train
GSM1447821,0.0799287608586274,1.0038899323565136,0.8602770866521978,0.709810201011919,0.4836060893625389,0.7984413779726736,-0.4117722800217316,-0.1550711235117115,0.703615387268304,0.8088788615154745,0.297547353526237,0.9415310643953152,1.0218673032760273,0.23746304972855,-0.1603975810805713,0.5907099920798049,-1.828311870692171,-1.295847547543726,0.3982265557790562,0.8790703741902623,-1.0532920801835164,-0.557911084879992,-0.8328397157431229,-0.8273790047590679,0.5850998196002489,0.0394476872593459,-0.1012298000574488,1.0914109916812964,-1.4966432553887317,-0.5069190923947737,1.2825619246993891,0.7520290454264853,-0.2602711644155061,0,train
GSM1447822,0.2007934018731042,-0.3265125208943216,0.6097998280150126,0.556300330775989,0.5676239480947113,2.1709731265935988,0.2286587961777221,0.9723499347848944,0.3162710826391361,0.0620907544047007,-0.4170639447702862,0.215707858324025,0.974873002671182,0.0467144523857503,0.2962400944705397,1.0191284253411963,-1.4354729088440628,-1.4917126638036262,-0.0164935991106956,0.6333375318292686,0.0015902514329715,-0.3134882965735116,-0.8328397157431229,0.4957487886828179,0.8413118654474799,1.294934244921634,-0.7545115428665634,0.3419613941846481,-0.0148415660709472,-0.1959507825896942,-0.3363681355760216,0.3193501263175375,-0.8252599625617377,0,train
GSM1447825,0.9039002077746324,0.9101367393421927,1.294663323477946,1.6631287429843271,1.747136799810455,1.9725348014917792,-0.2463472787894002,-0.2793298960659069,0.5107744459078617,0.9693333343284312,0.6036167209098439,0.2573456954389364,1.0005062575465529,0.8503760554036361,-0.0646150442576555,0.1562574963781134,-1.2258662542890648,1.1021010900953403,0.8357117788369776,-0.3320414917317767,-0.9575491132945012,-0.3172486471628393,1.3860481297062748,-1.218916821185745,0.164713064763528,-0.1220296835010795,0.52301719862681,1.6600340874563717,-0.7779061112110892,-0.2637559027727554,1.84412828935742,1.0003112439755788,-0.7317314115172605,0,train
GSM1447826,-1.4297170918125857,-1.2673927793594673,0.3378853265214935,0.6341676562579829,0.711188444569103,2.24998097825451,0.3515459399503096,0.9723499347848944,-0.3719715873886532,0.209049056607222,-0.3685243094142962,0.675616695547815,-1.268036798923742,-0.0946525283860703,0.0712625079795037,1.0870116277945856,-1.3702311024593947,-1.6833806704293863,-0.0758807334624498,0.2471859224048507,0.0494617348774804,-0.3134882965735116,-0.8328397157431229,0.1987201003591337,1.3189110188714464,1.294934244921634,0.3814728210181697,0.054381897470819,0.4031025001468887,-0.1328218775916734,0.021145586068131,0.3193501263175375,-0.7279139196378956,0,train
GSM1447827,-1.4297170918125857,-1.2673927793594673,1.4830854054257376,1.188138057544167,1.8213661701466464,1.2173667309654057,-0.7851601399461369,-0.8642553376015085,0.3162710826391361,0.8583648204204057,0.6427180938355026,1.2869358495531,1.084526370749156,0.6392938512374929,-0.5680302377920529,0.3342623383670005,-0.5928819200037743,-0.3668872818539135,0.7684063599049892,0.3133447645789642,-0.848128579707052,-0.557911084879992,1.057700119014297,-0.1050592399719071,0.3463002428882657,0.8306868039854199,0.5266465416424214,1.4225631394123752,-0.7763229897481422,-0.6168101492431869,0.7699007389455078,1.2834400668824406,-1.2280053558348984,0,train
GSM1447828,1.6604663741248702,0.8152674368872256,1.4819571294859304,1.4539993545469738,1.6729074294742636,2.916954237624517,-0.5795604955573811,-0.0459658598055904,0.3794431151537646,-0.3532913854942626,-0.1500959503123401,0.2147615438441406,0.2970158181891598,0.057365389293216,-0.2873651298923446,0.3599071037382815,0.4440463644504199,-1.6302172817302705,0.1052500263104005,0.2998429600536348,-0.9216455007111182,-0.3172486471628393,0.890141082630246,-0.4560931443544606,0.5490311335343769,0.0354107529903312,1.0383839068428913,0.2134220736837692,-0.6116783576017215,-1.3837094395895413,0.7682143534660553,0.2903112726860629,-0.7317314115172605,0,train
GSM1447829,-0.8916370072962101,-0.8064395803723914,0.2126466972029014,0.725383666108318,0.5260228724117908,1.4580650697463182,-0.5228433522777258,0.0782929127486098,0.638780932845397,0.5254592786963249,0.2570976573962459,-0.512007976707034,0.6929071990421053,-0.0249373049917478,-0.2539526170471402,0.6314399135518389,-2.3002738743259408,-1.304241766812008,0.0458628919586463,-0.0404025139846634,-0.2736707783729519,-0.7835321202398277,0.8918335981492763,-0.1050592399719071,0.8027556837908574,-0.2794701199924903,0.9621677035151608,0.8931554295528232,-0.9757962940793828,-1.0867697753395789,0.8997524208634311,0.068164042405296,-0.1762863430694428,0,train
GSM1447830,1.1305214096767775,-0.2137854673890076,0.3683487768962867,0.3126868410537515,0.8359916716178644,1.323935461112681,-0.2156254928462529,0.3177183525481579,0.0552708430392252,-0.1613458479236222,2.600483386527113,0.0491565098643804,0.5348354606439875,-0.4238633055259271,-0.4432901898366265,1.971001775298723,-1.7380838405857146,-2.883754025793633,0.1626575895170961,-0.0579548598675912,-0.0428618403369291,-1.4754366286766456,-0.8328397157431229,-2.049247018090604,2.1932657190200078,1.7672555543958663,0.8097352968597018,0.0238810417587459,0.2083785602044874,-1.654929920321788,-0.8945617292751487,0.1509247752549927,-1.2108266423777498,0,train
GSM1447831,0.4285767637850046,0.3721719889504966,2.1927709715644275,2.27605583356402,2.1060480409964364,1.6179181649672294,-0.7071740679366096,-0.6248298978019603,0.8981187505370264,0.8838575871290056,2.193289778818528,0.921658460317744,0.373915582815272,0.5957218366160413,0.0066649831454453,-0.006662189510022,-0.4610101836943386,-1.4539386770963605,0.6476525200564223,1.4961028409978117,-1.0874859969295965,-0.0653051576776911,1.6466955196370203,-0.8273790047590679,-0.6026793249827909,-0.2794701199924903,0.8097352968597018,1.1611272333088924,-0.9552157150610804,-1.2340705536683014,1.002621935110098,1.001763186657152,-0.8252599625617377,0,train
GSM1447832,1.497763972759228,1.7014583327606845,0.6989336272597781,0.9867954016550116,1.113332176170667,0.8241648645599475,-1.0616562134344625,-0.1550711235117115,1.0959469576223089,0.8703614165185701,0.738449041343149,0.4503938493353417,0.74986998765404,0.6247698463636757,-0.0623875434013086,1.4249191244514567,-1.0731726648781406,-0.4200506705530289,0.6476525200564223,1.0775469007126035,-0.7028044335362226,-0.3134882965735116,0.4585496252773887,0.1987201003591337,1.6721353927579197,-0.1179927492320648,0.3814728210181697,1.592496478379637,-1.2765893720391892,-0.6729247314636501,1.0768228962060558,0.9262621672153224,-0.3900658883139651,0,train
GSM1447833,-1.002042208222896,-0.7037575118328976,1.2822522881400678,1.1113831224262014,0.9583477765676304,0.7727178913854013,0.9210805870501952,-0.1550711235117115,0.8316218742058393,0.8343716282240757,0.2570976573962459,0.8147249240908124,1.078830091887962,0.5114826083479015,0.5947252092210253,-0.2691439056631264,-0.4776676661755303,-0.767011733641995,0.5407556782232652,1.4164421942983687,-0.2309283824403539,-0.3134882965735116,0.6582664565230245,0.4957487886828179,-0.0753302597438292,0.9760164376697978,0.2435577864251343,1.697070840821029,-0.2633916357535246,-1.3322710725541145,0.9233618175757824,0.5618245541403375,-0.3041723210282194,0,train
GSM1447835,0.6656574057749411,1.0585792949482002,1.4830854054257376,1.2003743515484788,1.5138444930395687,1.2945371907272245,0.9541655872966622,-0.2762991942962911,-0.6529208898879219,0.0620907544047007,-0.0786348204826877,0.1012038062580196,-1.268036798923742,0.9104086088820807,-0.1247575673790217,1.5456003732574823,-1.0301408351350612,-0.7124493083981661,0.3131049965415411,1.9956696084349963,-0.2736707783729519,0.1603158776821445,3.3358260076297745,-0.1050592399719071,0.7654432499296101,-0.2794701199924903,0.3814728210181697,0.5336810586605365,-3.2190794070743607,-1.1358700347824884,1.3921769808638695,0.1770597435233194,-1.0848494103586557,0,train
GSM1447836,0.6040629252579481,0.0451519228410202,1.6545833482764225,2.630908359689106,2.090549601036132,1.5885198945817744,-0.0785590632537508,-1.340075515430989,0.7684498416912109,1.5631648411876,1.5690161352123186,1.3456073473059278,1.4448160087196429,1.9619465617464464,-0.2249951059146314,0.1728511680889422,-0.5109826311379151,-0.2591614679109683,1.6364483070131326,1.0896985247853992,-0.9900333342032748,-0.0653051576776911,2.866999208858238,0.191969448351769,0.4134626238385122,-1.3209991613972123,-0.3008436659157871,1.8822546076443292,-0.3583789235303062,-0.836592262940007,1.6282709479873665,3.231947145554276,-1.033313269987211,0,train
GSM1447837,1.3280886113350576,0.849866829547273,1.4108757452780811,2.0546901511223523,1.4779533689209698,1.9449739230054155,-0.440130851661561,-0.0429351580359697,-0.0079011894754032,0.0440958602574543,0.4242897347335465,0.7664628856167107,0.7868958002517973,0.9694728953689375,-0.0935725553901643,0.1834107773594694,-0.6414662439072499,-0.6844685775038942,0.5407556782232652,0.3362978322720243,-0.77632135454029,0.3671351600953231,2.152757659827235,-0.8273790047590679,0.2841128531195191,-0.860788654730013,-0.1012298000574488,0.2461015619467056,-0.030672780700411,-1.283170813111205,1.365194813192613,0.3469370372674352,-0.1323851864567296,0,train
GSM1447839,-1.4297170918125857,-1.2673927793594673,1.6715074873735292,2.0891742524072354,1.935565201433095,-0.035734544214608,0.1672152242914293,-0.6248298978019603,0.2497742063079507,0.2390405468526357,-0.1150395469996804,0.4579643651744166,-1.268036798923742,1.2957788715340306,0.0066649831454453,0.9844325663094644,-0.2180885641769572,0.343823282860582,1.1326474505957502,2.290008947087175,-0.988323638365968,0.5777147930978294,3.787727651211,0.1987201003591337,1.4022421211615654,-1.316962227128203,1.5827853591838148,1.226486209834762,-3.2190794070743607,-1.5146434647706253,2.006021295384962,1.1222744292277649,-2.2339144660479557,0,train
GSM1447840,-0.3454218027115526,-0.3666924607576016,1.1479874513030175,1.7220854322778365,1.6125450843657128,0.5963282690726712,-0.2699794218225919,-1.1036807774010515,0.5722840565142084,1.3427273878838175,1.76317467663628,0.951940523674042,0.909365795767457,1.517512012607641,0.694962747756635,0.1170360905161543,-0.9440771756489024,-0.0479069496592179,1.3890019138808232,0.6198357273039392,-0.9558394174571984,0.5777147930978294,1.6314628799657425,0.4957487886828179,0.0291445550676633,-0.5741663216302607,-0.9396080366624784,2.324517015469384,-1.4507327329632873,-0.0720310801861699,0.5675344814110824,1.8453418846514411,-0.3671609370377672,0,train
GSM1447841,-0.3651785228773808,-1.2673927793594673,0.0783818603658514,1.6931632828130967,1.418406731178751,0.8774492296335852,-1.6973608610272788,-0.6248298978019603,0.44593999148495,2.7328329607586896,0.3191205247955669,-0.0426359946844004,-1.268036798923742,1.7779758333447615,1.5102280611795962,-3.1986812204293984,-2.529314258442329,-2.412278710225158,1.2929927133454862,-1.6417165306887185,-0.6669008209528423,0.1603158776821445,-0.8328397157431229,-1.2121661691783965,0.0552632587705368,0.5117689967335838,-0.5657857060550394,0.9977297919942156,-1.5298888061106053,0.1267080651779793,0.1206423293558912,1.4112110228609214,1.0930297068198984,0,train
GSM1447842,0.8980894077258593,0.3766364267130825,1.5259598911384091,2.5964242584042228,2.354023080361295,1.265138920341771,-0.5512019239175552,-0.7490886703561557,0.9612907830516548,0.91834780091123,1.431487168370345,1.4184735622570226,1.191331599396534,1.8389766538147956,0.2628275816253387,-1.8576108430724392,0.1081204677463827,1.4798409571680051,1.6364483070131326,0.3227960277466949,-0.5950935957860802,0.1603158776821445,2.999015419342643,-0.4560931443544606,-0.692229166249785,0.9719795034007888,-0.5694150490706463,1.8822546076443292,-0.4486168469182477,-0.836592262940007,0.8744566386716287,1.843889941969868,-1.1592905020063031,0,train
